Sr.no.,year,state,permits,handguns,long_guns,bg_check,avg_age,avg_ed,avg_in,per_fem,per_hisp,per_white,per_black,per_native,per_asian,urb,region,pol
1,2002,Alabama,0,65294,111339,221008,48,6.6,28556,52,1.4,75.2,21.7,0.5,0.7,9.61,South,Red
2,2002,Alaska,0,10504,20709,36793,42,7.2,36370,48,3.2,79.2,2.4,7.6,4.8,8.74,South,Red
3,2002,Arizona,19382,53833,59906,142260,48,7,32237,50,17.9,83.1,2.1,2,2,11.3,West,Red
4,2002,Arkansas,6163,30448,82190,153424,48,6.5,25885,51,2.3,83.6,12.3,0.5,0.9,9.26,South,Red
5,2002,California,191714,235121,257323,684390,46,7.2,38673,50,22,69.1,4.8,0.8,12.4,12.19,West,Blue
6,2002,Colorado,0,66778,110700,183754,45,7.4,35853,50,11.4,87.4,2.4,0.7,2.4,11.15,West,Blue
7,2002,Connecticut,39618,24680,26081,93598,48,7.4,44496,51,6,87.4,6,0.2,2.4,11.41,Northeast,Blue
8,2002,Delaware,0,4767,11345,16388,47,7,35219,51,3.4,81.8,13.3,0.4,2.2,11.01,South,Blue
9,2002,Florida,0,129720,137169,288848,50,7,32443,51,13.3,83.9,9.8,0.4,1.9,11.46,South,Red
10,2002,Georgia,28263,68660,121653,285201,46,6.8,33855,51,3.4,73,21.8,0.2,2.3,10.55,South,Red
11,2002,Hawaii,7801,0,0,7807,48,7.2,33517,49,5.3,27,1.1,0.1,54.1,11.09,South,Blue
12,2002,Idaho,11580,12940,36437,74062,46,6.8,25483,48,4.7,94.3,0.2,0.8,0.8,9.59,West,Red
13,2002,Illinois,298024,52562,93303,446138,46,7.1,36545,51,7.3,82.2,9.7,0.2,3.4,11.62,Midwest,Blue
14,2002,Indiana,102722,19154,61251,188235,46,6.7,29920,50,2.7,90.8,6,0.2,0.9,10.41,Midwest,Red
15,2002,Iowa,49567,283,38238,90358,49,6.7,26221,52,2.2,96.5,0.9,0.1,0.8,9.59,Midwest,Red
16,2002,Kansas,0,22864,59259,94110,47,6.9,28022,51,2.7,92.9,2.6,0.7,1.5,10.12,Midwest,Red
17,2002,Kentucky,0,65820,120303,229423,47,6.2,25966,50,0.9,93.6,4.3,0.2,0.6,9.79,South,Red
18,2002,Louisiana,23,50115,88494,169580,NA,NA,NA,NA,NA,NA,NA,NA,NA,0,South,Red
19,2002,Maine,0,12379,34000,49922,48,6.9,28077,52,0.5,97.1,0.3,0.6,0.7,9.04,Northeast,Blue
20,2002,Maryland,27781,650,47969,78764,47,7.3,39103,52,3.4,73.8,19.9,0.2,3.8,11.71,South,Blue
21,2002,Massachusetts,56175,17775,15486,94824,47,7.5,40756,52,4,89.8,3.4,0.2,3.5,11.84,Northeast,Red
22,2002,Michigan,152273,23208,173907,353540,46,6.9,32513,50,2.3,86.4,9.2,0.4,1.7,10.81,Midwest,Purple
23,2002,Minnesota,38844,28026,116316,192392,45,7.2,34098,50,2.1,92.3,2.1,0.7,2.7,10.46,Midwest,Purple
24,2002,Mississippi,0,36975,77077,149948,47,6.4,24499,52,1,69.2,28.9,0.2,0.5,8.91,South,Red
25,2002,Missouri,0,32075,142956,197990,47,6.9,29727,51,1.9,88.7,7.3,0.5,1.3,10.2,Midwest,Red
26,2002,Montana,2710,14595,41821,76322,48,6.9,25223,50,1.6,89.6,0.2,7.3,0.3,8.47,West,Red
27,2002,Nebraska,15609,179,25886,43177,47,6.9,27553,50,3.9,94.3,1.6,0.3,0.9,10.2,Midwest,Red
28,2002,Nevada,0,21956,23897,47155,48,6.8,34699,49,12,81.9,4.8,1.4,5.5,11.77,West,Purple
29,2002,New Hampshire,10079,13637,25722,49666,46,7.3,37415,50,1.2,96.4,0.8,0.3,1.1,9.92,Northeast,Purple
30,2002,New Jersey,0,17647,24996,43318,48,7.3,43427,51,9,80.4,8.7,0.2,5.6,12.24,Northeast,Blue
31,2002,New Mexico,0,22499,38465,80057,49,6.8,28185,51,35.9,76.8,1.3,4.1,1,9.9,West,Blue
32,2002,New York,48562,7883,103299,160927,48,7.2,38337,52,9.3,78.8,10.8,0.3,4.8,12.56,Northeast,Blue
33,2002,North Carolina,87457,2097,139016,268916,47,6.8,30747,51,3.7,78.3,15.4,1.7,1.6,10.32,South,Red
34,2002,North Dakota,1830,4127,22815,31339,46,6.9,26578,50,0.9,94.4,0.3,3.5,0.5,9.05,Midwest,Red
35,2002,Ohio,0,91493,177973,297033,48,6.8,31208,51,1.4,89.7,7.5,0.2,1.1,10.88,Midwest,Red
36,2002,Oklahoma,0,40268,80912,159489,47,6.8,27928,50,3.5,80.9,5.3,5.5,1.7,9.94,South,Red
37,2002,Oregon,691,44013,90360,137513,48,7.2,30570,51,4.7,91.4,1.2,0.8,2.5,10.71,West,Blue
38,2002,Pennsylvania,5798,0,556095,567702,49,6.9,31137,51,2,90.2,6.3,0.1,1.7,11.15,Northeast,Purple
39,2002,Rhode Island,0,4055,4603,9521,48,7,33921,52,4.8,90.8,2.9,0.3,1.6,11.72,Northeast,Blue
40,2002,South Carolina,13175,34992,58350,121976,47,6.8,30962,52,2.3,75.8,21.1,0.4,0.8,10.11,South,Red
41,2002,South Dakota,0,7163,32929,44282,47,6.9,27485,51,1,96.5,0.4,1.4,0.4,8.73,Midwest,Red
42,2002,Tennessee,3,91223,128568,223048,47,6.6,29598,51,1.9,85.8,11,0.4,0.9,10.2,South,Red
43,2002,Texas,94820,142352,313156,664745,46,6.8,33014,50,25.4,77.2,8.3,0.5,2.8,11.17,South,Red
44,2002,Utah,0,16940,43981,61710,43,7.1,29052,48,5.8,93.6,0.6,0.5,1.8,10.96,West,Red
45,2002,Vermont,0,5655,14568,20483,47,7.2,30403,50,0.9,97.2,0.3,0.3,0.7,8.84,Northeast,Blue
46,2002,Virginia,0,69145,120780,191789,46,7.2,37546,51,3.4,77.5,16,0.4,3.6,10.91,South,Blue
47,2002,Washington,50549,43246,74411,193439,46,7.3,34860,50,4.5,85.4,2.3,1,6.2,11.12,West,Blue
48,2002,West Virginia,0,31513,71433,134846,50,6.2,23707,50,0.6,96.6,1.7,0.3,0.4,9.11,South,Red
49,2002,Wisconsin,0,39027,132412,173779,47,6.9,30492,50,2.2,93.4,2.9,0.6,1.2,10.19,Midwest,Red
50,2002,Wyoming,1998,7903,18007,33585,46,7,30308,49,5.8,93.4,0.7,1.2,0.5,8.26,West,Red
51,2003,Alabama,0,67985,114104,225479,49,6.7,27962,52,1.5,75.9,21.4,0.4,0.7,9.61,South,Red
52,2003,Alaska,31,11141,20385,37059,43,7.2,36312,49,3.6,78.8,3.1,8.1,5,8.74,South,Red
53,2003,Arizona,19353,49634,57002,145719,48,7,32756,50,18.2,84,2.2,2.6,2.3,11.3,West,Red
54,2003,Arkansas,1932,31430,82507,150249,48,6.5,26766,51,3,83,12,0.7,1,9.26,South,Red
55,2003,California,156003,158811,209606,524431,47,7.2,38537,49,23,70.2,4.7,0.9,12.5,12.19,West,Blue
56,2003,Colorado,9584,67461,99640,181257,46,7.5,37695,50,11.2,88.3,2.9,0.6,2.5,11.15,West,Blue
57,2003,Connecticut,43163,25588,27660,100567,48,7.4,44615,51,6.3,87.4,6.4,0.3,2.4,11.41,Northeast,Blue
58,2003,Delaware,0,4999,11132,16361,47,7.1,35714,51,3.5,81.6,13.9,0.4,2,11.01,South,Blue
59,2003,Florida,0,134083,144746,298181,50,7,32510,51,14.2,83.8,9.9,0.4,2.1,11.46,South,Red
60,2003,Georgia,29539,70067,122709,282218,46,6.9,33564,51,4.1,72.8,21.6,0.2,2.5,10.55,South,Red
61,2003,Hawaii,7394,0,0,7439,49,7.2,33666,50,4.9,27.1,1,0.1,56.8,11.09,South,Blue
62,2003,Idaho,11747,13074,36343,74669,46,6.8,25512,49,5,94.7,0.3,1.2,1.1,9.59,West,Red
63,2003,Illinois,363619,53877,95656,515917,47,7.2,37041,51,7.8,82.1,9.7,0.3,3.9,11.62,Midwest,Blue
64,2003,Indiana,72839,29773,75224,183853,47,6.7,30486,50,2.7,90.9,5.7,0.2,1.1,10.41,Midwest,Red
65,2003,Iowa,50608,251,42061,95127,49,6.8,27330,51,2.2,96.1,1,0.2,1.1,9.59,Midwest,Red
66,2003,Kansas,0,23695,61476,97365,47,7,29206,50,2.8,93.4,2.4,0.7,1.3,10.12,Midwest,Red
67,2003,Kentucky,0,65656,118164,226869,48,6.3,25192,50,1,93.7,4.4,0.3,0.5,9.79,South,Red
68,2003,Louisiana,2,51998,93440,175693,NA,NA,NA,NA,NA,NA,NA,NA,NA,0,South,Red
69,2003,Maine,0,12532,34958,50897,49,7,28745,52,0.8,97.2,0.4,0.8,0.5,9.04,Northeast,Blue
70,2003,Maryland,27009,772,48415,78270,47,7.4,40087,52,3.2,73.8,19.7,0.3,3.9,11.71,South,Blue
71,2003,Massachusetts,85043,21189,17139,131395,47,7.5,39902,52,4.1,89.9,3.8,0.2,3.2,11.84,Northeast,Red
72,2003,Michigan,134124,27094,176602,342161,47,7,33174,50,2.5,86.3,9.3,0.5,1.7,10.81,Midwest,Purple
73,2003,Minnesota,56971,39391,124062,229728,46,7.3,35036,51,2,92.7,2.4,0.7,2.4,10.46,Midwest,Purple
74,2003,Mississippi,0,36612,78498,150877,48,6.4,25303,53,1.1,69,29.1,0.3,0.6,8.91,South,Red
75,2003,Missouri,0,36899,143044,202865,47,6.9,30104,51,1.9,89.2,7.8,0.5,1.1,10.2,Midwest,Red
76,2003,Montana,3713,15408,43737,80786,49,7,25513,50,1.5,88.6,0.2,8.1,0.7,8.47,West,Red
77,2003,Nebraska,15722,169,27344,44758,48,6.9,28688,51,4.4,93.7,2,0.5,0.9,10.2,Midwest,Red
78,2003,Nevada,0,22692,25381,49432,48,6.7,34084,48,13.8,80.2,5.3,1.6,5.3,11.77,West,Purple
79,2003,New Hampshire,14898,13890,25690,54724,47,7.3,36297,50,1.4,96.6,0.5,0.1,1.2,9.92,Northeast,Purple
80,2003,New Jersey,0,15998,25122,41733,48,7.3,43535,51,9,79.5,9.8,0.2,6,12.24,Northeast,Blue
81,2003,New Mexico,0,22599,37898,79140,49,6.7,26896,51,34.4,75.1,1.6,6.7,1,9.9,West,Blue
82,2003,New York,35833,8649,103693,150831,48,7.2,38429,52,9.5,78.6,10.8,0.3,5.1,12.56,Northeast,Blue
83,2003,North Carolina,79605,2493,141837,264488,47,6.8,30493,51,3.6,78.5,16,1.6,1.5,10.32,South,Red
84,2003,North Dakota,2545,4345,23805,33393,46,6.9,27019,50,0.9,93.9,0.4,4.3,0.5,9.05,Midwest,Red
85,2003,Ohio,0,93250,178186,298632,48,6.9,30850,51,1.4,89.2,8.1,0.2,1,10.88,Midwest,Red
86,2003,Oklahoma,0,43202,84837,167551,48,6.9,28122,50,3.4,80.7,5.3,6.9,1.3,9.94,South,Red
87,2003,Oregon,617,47287,92310,142960,48,7.2,31645,50,4.8,91.6,0.8,0.8,2.9,10.71,West,Blue
88,2003,Pennsylvania,4374,2,506403,515896,49,6.9,31119,51,2.3,90.2,6.3,0.1,1.5,11.15,Northeast,Purple
89,2003,Rhode Island,0,4010,4699,9660,48,7.1,34750,52,4.7,91.4,3.1,0.5,2,11.72,Northeast,Blue
90,2003,South Carolina,10502,36976,58193,121352,48,6.9,31326,52,1.9,75.8,21.6,0.3,0.9,10.11,South,Red
91,2003,South Dakota,0,7834,35302,47683,46,6.9,26952,51,1.1,96.4,0.6,1.3,0.6,8.73,Midwest,Red
92,2003,Tennessee,1,90007,126036,219783,48,6.7,29669,51,1.8,86.6,10.7,0.3,0.9,10.2,South,Red
93,2003,Texas,103700,151157,312704,688275,46,6.8,32911,50,26,77,8.8,0.5,2.8,11.17,South,Red
94,2003,Utah,7133,18199,44198,70507,43,7.1,29419,47,6.5,93.3,0.6,0.4,2.1,10.96,West,Red
95,2003,Vermont,0,5846,13841,19971,47,7.3,29977,51,0.9,97.1,0.2,0.5,0.6,8.84,Northeast,Blue
96,2003,Virginia,1,72882,125201,200270,47,7.2,38326,51,3.8,78.1,15,0.3,4.2,10.91,South,Blue
97,2003,Washington,54061,52210,80915,213916,47,7.4,35823,50,4.5,87.1,2.2,1,5.8,11.12,West,Blue
98,2003,West Virginia,0,30258,69009,131777,50,6.2,23626,50,0.6,96.3,2.1,0.3,0.3,9.11,South,Red
99,2003,Wisconsin,0,43203,142777,188594,47,7,30406,50,2.6,93.1,3,0.4,1.4,10.19,Midwest,Red
100,2003,Wyoming,1830,8019,17747,33184,46,7,30215,49,5.9,93.4,0.9,1.4,0.5,8.26,West,Red
101,2004,Alabama,0,69932,117692,229997,49,6.8,30108,51,1.4,76.8,20.8,0.5,0.6,9.61,South,Red
102,2004,Alaska,0,13026,21959,40504,43,7.2,37956,49,3.2,80.2,3.2,6.3,4.9,8.74,South,Red
103,2004,Arizona,17605,56236,62487,155719,48,7.1,34375,50,18,83.4,2.3,2.7,2.4,11.3,West,Red
104,2004,Arkansas,8214,31085,85476,158366,49,6.6,26687,52,2.6,84.7,11.1,0.6,1.1,9.26,South,Red
105,2004,California,141926,177220,219511,548843,47,7.2,40465,50,22.8,69.4,4.9,0.8,12.4,12.19,West,Blue
106,2004,Colorado,10012,69512,109533,194191,46,7.5,38049,50,11.6,88,3,0.7,2,11.15,West,Blue
107,2004,Connecticut,48361,22768,25045,100916,49,7.5,47250,51,6.1,87.6,5.5,0.2,2.7,11.41,Northeast,Blue
108,2004,Delaware,0,4977,11197,16424,48,7.2,36673,52,3.8,81.5,13.8,0.2,2.6,11.01,South,Blue
109,2004,Florida,0,144755,155333,318024,51,7.1,33810,51,14.3,84.5,9.5,0.3,1.8,11.46,South,Red
110,2004,Georgia,34429,70216,123561,232203,47,6.9,34948,51,4.1,73.4,21.2,0.2,2.4,10.55,South,Red
111,2004,Hawaii,7295,0,0,7298,49,7.3,35313,50,5.7,27.7,0.8,0.2,56,11.09,South,Blue
112,2004,Idaho,11570,13278,37931,75553,46,6.9,26178,48,5.1,94.1,0.2,1.2,1.2,9.59,West,Red
113,2004,Illinois,433946,53904,99523,590417,47,7.2,37672,51,7.7,82.4,9.4,0.2,4,11.62,Midwest,Blue
114,2004,Indiana,0,63235,105228,176520,47,6.8,31148,50,2.6,91.6,5.3,0.2,1,10.41,Midwest,Red
115,2004,Iowa,51050,306,45008,98517,49,6.8,28312,51,2,96.6,0.8,0.3,1,9.59,Midwest,Red
116,2004,Kansas,0,24008,63202,99007,48,7.1,29790,51,2.9,93.1,2.4,0.8,1.5,10.12,Midwest,Red
117,2004,Kentucky,0,67889,124173,234974,48,6.3,26868,51,1.1,93.3,4.8,0.2,0.7,9.79,South,Red
118,2004,Louisiana,0,49283,93711,172421,NA,NA,NA,NA,NA,NA,NA,NA,NA,0,South,Red
119,2004,Maine,0,13287,35746,52665,49,7,30188,51,0.6,97,0.4,0.4,0.7,9.04,Northeast,Blue
120,2004,Maryland,23183,2552,49825,77481,47,7.4,41509,52,3.6,75,18.5,0.2,4.1,11.71,South,Blue
121,2004,Massachusetts,41202,20815,16535,112996,48,7.6,42491,52,4,89.8,3.6,0.2,3.6,11.84,Northeast,Red
122,2004,Michigan,135692,32590,169747,342418,47,7,34171,51,2.5,87.2,8.5,0.5,1.8,10.81,Midwest,Purple
123,2004,Minnesota,51552,38578,128666,227846,46,7.3,35915,51,1.9,93.2,2.4,0.7,2.2,10.46,Midwest,Purple
124,2004,Mississippi,0,38079,78965,152294,48,6.5,26596,53,1.1,70.8,27.6,0.3,0.5,8.91,South,Red
125,2004,Missouri,0,44533,142138,209316,47,7,31281,51,1.9,89.7,7.2,0.4,1.1,10.2,Midwest,Red
126,2004,Montana,4066,15596,45577,83545,49,7,25854,50,1.5,89.5,0.2,7.7,0.5,8.47,West,Red
127,2004,Nebraska,17188,156,29683,48436,48,7,29108,51,4,93.6,2.1,0.4,1,10.2,Midwest,Red
128,2004,Nevada,0,23762,27412,54754,48,6.9,36056,48,13.5,81.6,4.6,1.5,6.1,11.77,West,Purple
129,2004,New Hampshire,17082,13343,26177,56791,47,7.3,37696,50,1.4,96.8,0.6,0.3,1.4,9.92,Northeast,Purple
130,2004,New Jersey,0,14399,22384,37376,48,7.4,45432,51,9.5,79.4,9.2,0.2,6.2,12.24,Northeast,Blue
131,2004,New Mexico,0,24903,38923,81546,49,6.7,28340,51,35.6,74.3,1.7,6.8,1.1,9.9,West,Blue
132,2004,New York,35791,10349,111057,160222,48,7.3,40375,52,9.6,78.4,10.7,0.3,5,12.56,Northeast,Blue
133,2004,North Carolina,92972,1985,142499,276480,48,6.9,31965,51,3.5,78.6,15.9,1.7,1.6,10.32,South,Red
134,2004,North Dakota,2287,4754,25156,34690,47,7,27858,50,0.6,94.3,0.4,3.7,0.8,9.05,Midwest,Red
135,2004,Ohio,0,127163,173266,327040,48,7,32111,51,1.3,89.6,7.7,0.2,1.3,10.88,Midwest,Red
136,2004,Oklahoma,0,46856,87731,173188,48,6.9,28697,51,4.2,81.2,5.1,6.5,1.4,9.94,South,Red
137,2004,Oregon,470,48042,98103,149688,49,7.3,32312,50,4.7,91.5,0.9,0.9,3,10.71,West,Blue
138,2004,Pennsylvania,3776,0,497989,504813,49,7,32681,51,2.3,90.5,6,0.1,1.7,11.15,Northeast,Purple
139,2004,Rhode Island,0,4286,4781,10054,48,7.1,34807,53,5.5,90.4,3.6,0.3,2,11.72,Northeast,Blue
140,2004,South Carolina,10808,37647,60286,124153,48,7,32650,51,2.6,76.4,20.7,0.2,1.1,10.11,South,Red
141,2004,South Dakota,0,8440,37554,50323,47,6.9,28427,51,1.2,96.1,0.5,1.6,0.6,8.73,Midwest,Red
142,2004,Tennessee,10900,87637,127351,229401,48,6.7,30632,51,2.2,85.7,11.4,0.3,1.1,10.2,South,Red
143,2004,Texas,82633,152473,319020,672995,46,6.9,34513,50,26,77.5,8.5,0.5,3,11.17,South,Red
144,2004,Utah,14659,18899,45428,79967,43,7.2,30354,48,6.9,93.5,0.5,0.5,1.7,10.96,West,Red
145,2004,Vermont,0,5816,13398,19490,48,7.3,32394,52,0.8,97,0.3,0.3,1,8.84,Northeast,Blue
146,2004,Virginia,0,80005,130520,213062,47,7.3,40139,51,4.1,78.5,14.9,0.3,4,10.91,South,Blue
147,2004,Washington,34659,55820,86352,203432,47,7.4,36530,50,4.8,86.3,2.3,0.9,6,11.12,West,Blue
148,2004,West Virginia,0,30356,69730,132846,50,6.3,24736,50,0.6,96.2,2.1,0.2,0.5,9.11,South,Red
149,2004,Wisconsin,0,40981,143387,187097,47,7,31905,50,2.3,93.6,2.7,0.6,1.3,10.19,Midwest,Red
150,2004,Wyoming,2344,8332,19370,35427,46,7,32104,50,6,93.6,0.9,1.5,0.5,8.26,West,Red
151,2005,Alabama,0,77044,119189,235873,49,6.7,30056,52,1.7,76.8,20.3,0.6,0.9,9.61,South,Red
152,2005,Alaska,0,15458,23570,44514,43,6.8,34742,48,2.4,65.3,1.8,23.4,3.8,8.74,South,Red
153,2005,Arizona,18587,68553,71164,176649,48,7.1,35420,50,19.1,82.6,2.5,3.1,2.3,11.3,West,Red
154,2005,Arkansas,10813,33743,86731,164001,49,6.4,26193,51,2.9,84.8,11.3,0.7,0.8,9.26,South,Red
155,2005,California,146608,219760,239155,611022,47,7.1,41883,49,24.9,67.3,5,0.8,12.8,12.19,West,Blue
156,2005,Colorado,9701,75000,116200,206287,46,7.5,38856,49,12.6,87.6,2.4,0.9,2.3,11.15,West,Blue
157,2005,Connecticut,44075,24806,24630,97599,49,7.5,48935,51,6.7,87.1,6.2,0.2,2.6,11.41,Northeast,Blue
158,2005,Delaware,0,6210,10681,17121,49,7.1,37810,51,4.1,80.3,14.2,0.3,2.4,11.01,South,Blue
159,2005,Florida,0,182793,170428,370645,51,7.1,35665,51,14.8,83.1,10.4,0.3,2,11.46,South,Red
160,2005,Georgia,33641,78525,126314,257815,47,7,35648,51,4.6,71.3,22.8,0.3,2.3,10.55,South,Red
161,2005,Hawaii,7574,0,0,7575,49,7.2,35252,50,5.2,28,0.9,0.3,54.4,11.09,South,Blue
162,2005,Idaho,11236,15320,41229,80343,47,6.9,28280,49,5.9,93.4,0.2,1.2,0.9,9.59,West,Red
163,2005,Illinois,372188,56745,94815,527134,47,7.1,37511,51,7.8,82.9,9,0.2,3.2,11.62,Midwest,Blue
164,2005,Indiana,0,63969,100569,172249,47,6.8,31866,51,2.9,91.1,5.5,0.3,0.9,10.41,Midwest,Red
165,2005,Iowa,52476,296,45842,100344,49,6.9,29209,51,1.7,96.8,1,0.2,0.8,9.59,Midwest,Red
166,2005,Kansas,0,24733,61814,98311,48,7,31210,51,4.3,91.2,3.3,0.8,1.3,10.12,Midwest,Red
167,2005,Kentucky,0,70894,119462,232589,48,6.6,29818,51,1.2,92.3,5.4,0.3,0.9,9.79,South,Red
168,2005,Louisiana,1,75090,106161,207954,NA,NA,NA,NA,NA,NA,NA,NA,NA,0,South,Red
169,2005,Maine,0,13438,33303,50319,49,6.9,28988,50,0.7,97.4,0.3,0.7,0.5,9.04,Northeast,Blue
170,2005,Maryland,19260,9591,50307,80947,47,7.4,44932,52,4.4,70.4,21.6,0.3,4.5,11.71,South,Blue
171,2005,Massachusetts,64584,20581,15565,105347,48,7.6,43135,52,4.4,89.1,4,0.2,3.4,11.84,Northeast,Red
172,2005,Michigan,141407,33065,158049,337035,48,7,33247,50,2.3,88.1,7.8,0.6,1.6,10.81,Midwest,Purple
173,2005,Minnesota,52464,36959,126190,224165,48,7.1,35010,49,1.5,94.8,1.5,0.8,1.6,10.46,Midwest,Purple
174,2005,Mississippi,2,45705,90411,167713,48,6.5,26621,53,1.5,68,29.6,0.4,0.7,8.91,South,Red
175,2005,Missouri,0,47532,144772,214241,48,6.8,30673,51,1.7,89.5,7.2,0.4,1.2,10.2,Midwest,Red
176,2005,Montana,3914,16161,46734,84060,49,7,27793,50,1.3,93.6,0.2,3.9,0.5,8.47,West,Red
177,2005,Nebraska,17793,9,28978,48172,49,6.9,29750,51,3.7,94,2,0.6,0.9,10.2,Midwest,Red
178,2005,Nevada,455,27382,28821,62727,47,6.9,37360,49,15.5,78.2,5.6,1.5,7.1,11.77,West,Purple
179,2005,New Hampshire,15332,14565,25661,55761,48,7.3,37502,51,0.7,97,0.6,0.3,1.2,9.92,Northeast,Purple
180,2005,New Jersey,0,15541,20436,36582,48,7.4,46445,51,9.7,78.6,9.9,0.2,6.1,12.24,Northeast,Blue
181,2005,New Mexico,0,27044,38923,82051,48,7,30785,50,37.6,73.6,1.5,7,1.4,9.9,West,Blue
182,2005,New York,35594,12953,109677,158781,48,7.3,39879,52,9.7,78.3,10.5,0.3,4.9,12.56,Northeast,Blue
183,2005,North Carolina,90758,1948,141642,271527,48,6.9,32564,52,3.9,77.8,17.1,1.2,1.4,10.32,South,Red
184,2005,North Dakota,2152,5170,26272,36000,49,6.8,29582,50,1,94.7,0.3,3.3,0.6,9.05,Midwest,Red
185,2005,Ohio,0,117324,170175,313159,48,6.9,32255,51,1.7,89.3,7.7,0.2,1.2,10.88,Midwest,Red
186,2005,Oklahoma,0,52310,91873,182031,49,6.7,28819,50,3.9,81.4,4.5,7,1.2,9.94,South,Red
187,2005,Oregon,482,52469,101911,158045,48,7.2,32783,50,5.4,90.7,1.1,1.4,2.9,10.71,West,Blue
188,2005,Pennsylvania,3217,2,476676,482977,49,6.9,32411,51,2.1,91.8,5.1,0.1,1.5,11.15,Northeast,Purple
189,2005,Rhode Island,0,4257,4416,9649,48,7.2,37756,52,5.5,90.2,3,0.4,1.9,11.72,Northeast,Blue
190,2005,South Carolina,18841,43309,64030,141811,48,6.9,31145,52,2.8,75,21.7,0.3,1.1,10.11,South,Red
191,2005,South Dakota,0,8795,37938,50768,48,6.8,28073,50,1.1,93,0.4,4.9,0.4,8.73,Midwest,Red
192,2005,Tennessee,35551,91349,122737,253450,48,6.7,30990,51,1.9,85.3,11.9,0.3,1,10.2,South,Red
193,2005,Texas,82207,188052,353437,738793,47,6.8,34935,50,24.8,77,9.1,0.5,2.9,11.17,South,Red
194,2005,Utah,16318,20349,51206,88981,43,7.2,31983,49,6.7,92.8,0.6,0.9,2.2,10.96,West,Red
195,2005,Vermont,0,5912,12427,18607,49,7.3,33295,51,0.5,97.2,0.3,0.5,0.9,8.84,Northeast,Blue
196,2005,Virginia,3,89812,129074,221725,47,7.3,40904,51,4,77.8,15.1,0.4,4.1,10.91,South,Blue
197,2005,Washington,40050,62214,92216,219559,48,7.3,37595,50,5.4,86.2,2.1,1.5,5.7,11.12,West,Blue
198,2005,West Virginia,2,32281,69609,133667,51,6.5,26454,51,0.5,95.6,2.8,0.1,0.5,9.11,South,Red
199,2005,Wisconsin,0,39930,140634,183013,48,6.9,32420,50,2,94.9,2,0.6,1,10.19,Midwest,Red
200,2005,Wyoming,2907,9223,20722,37911,48,6.9,30955,50,5.1,94.2,0.3,1.9,0.5,8.26,West,Red
201,2006,Alabama,0,83100,121077,243176,49,6.7,30680,52,1.8,75.9,20.9,0.6,0.9,9.61,South,Red
202,2006,Alaska,0,16948,25236,47037,43,6.7,33985,48,3.7,65.1,1.7,22.7,4.2,8.74,South,Red
203,2006,Arizona,32182,77463,77512,204178,48,7.1,37280,49,19.8,82.2,2.6,3.2,2.4,11.3,West,Red
204,2006,Arkansas,14281,37171,87465,170129,49,6.5,27819,51,2.8,84.5,11.4,0.9,0.8,9.26,South,Red
205,2006,California,172352,200857,227982,617820,47,7.1,42598,49,26,66.2,5.1,0.8,13,12.19,West,Blue
206,2006,Colorado,12522,79488,117350,214749,46,7.5,40019,49,13.2,87.5,2.5,0.9,2.2,11.15,West,Blue
207,2006,Connecticut,41706,25726,26291,97616,49,7.4,48907,51,7,86.2,6.7,0.2,2.5,11.41,Northeast,Blue
208,2006,Delaware,0,6107,10367,16698,49,7.1,37888,52,3.6,80,14.1,0.4,2.7,11.01,South,Blue
209,2006,Florida,0,213821,179478,411728,50,7.1,36732,51,15.9,81.9,11.2,0.3,2.1,11.46,South,Red
210,2006,Georgia,35443,100961,138972,311901,46,7,35996,51,4.9,69.5,24.6,0.3,2.5,10.55,South,Red
211,2006,Hawaii,7580,0,0,7588,49,7.2,37758,50,6,28.6,1.3,0.4,52.7,11.09,South,Blue
212,2006,Idaho,15155,17810,46214,91018,47,6.9,29123,49,6,93.6,0.3,1.3,0.9,9.59,West,Red
213,2006,Illinois,365917,60587,97719,527698,48,7.1,38279,51,7.8,81.8,9.7,0.2,3.2,11.62,Midwest,Blue
214,2006,Indiana,0,69885,107529,185655,47,6.8,31830,50,3.1,90.7,5.8,0.2,0.9,10.41,Midwest,Red
215,2006,Iowa,53022,258,46642,101430,49,6.8,30169,51,2.1,96.1,1.2,0.3,0.9,9.59,Midwest,Red
216,2006,Kansas,0,34485,63318,109143,48,7,32033,50,4.6,90.8,3.4,1,1.4,10.12,Midwest,Red
217,2006,Kentucky,516563,75234,120916,791599,48,6.6,30403,51,1.4,91.9,5.8,0.2,0.9,9.79,South,Red
218,2006,Louisiana,NA,78149,111258,212176,NA,NA,NA,NA,NA,NA,NA,NA,NA,0,South,Red
219,2006,Maine,0,14263,35281,53106,49,7,29684,51,0.7,96.7,0.5,0.7,0.7,9.04,Northeast,Blue
220,2006,Maryland,20977,8957,50532,82207,47,7.5,45978,52,4.4,69.8,22.6,0.2,4.4,11.71,South,Blue
221,2006,Massachusetts,96876,21341,16888,137148,48,7.5,42620,52,4.9,88,4.4,0.2,3.6,11.84,Northeast,Red
222,2006,Michigan,139160,28568,160454,332428,48,7,33284,50,2.4,87.4,8.3,0.6,1.6,10.81,Midwest,Purple
223,2006,Minnesota,63730,40890,131761,244712,48,7.1,35132,50,1.8,94.2,1.8,0.8,1.8,10.46,Midwest,Purple
224,2006,Mississippi,2661,48789,99937,179087,48,6.5,27383,53,1.3,67.3,30.5,0.4,0.8,8.91,South,Red
225,2006,Missouri,10166,51629,147089,230374,48,6.8,31047,51,1.8,89,7.4,0.5,1.1,10.2,Midwest,Red
226,2006,Montana,5138,17263,48533,87770,49,7,27905,50,1.5,92.1,0.3,4.9,0.6,8.47,West,Red
227,2006,Nebraska,20314,11,29589,51221,49,7,30319,51,3.8,93.4,2.1,0.8,1.1,10.2,Midwest,Red
228,2006,Nevada,9220,28653,29518,72963,47,6.9,38968,48,16.7,76.6,5.8,2,7.2,11.77,West,Purple
229,2006,New Hampshire,19021,16495,27288,63159,48,7.3,38569,50,1.3,97.2,0.5,0.1,1.1,9.92,Northeast,Purple
230,2006,New Jersey,0,16360,20311,37318,48,7.3,46786,51,10.6,77.6,10.2,0.2,6.3,12.24,Northeast,Blue
231,2006,New Mexico,2839,30287,42708,90321,49,6.9,31957,50,37.8,72.6,1.7,7.6,1.3,9.9,West,Blue
232,2006,New York,41723,28880,127694,199015,48,7.2,40414,52,10.1,77,11.1,0.3,5.3,12.56,Northeast,Blue
233,2006,North Carolina,104319,2675,146016,290024,48,6.9,32835,51,4.1,76.4,17.8,1,1.6,10.32,South,Red
234,2006,North Dakota,3004,5877,28340,39436,49,6.8,28632,50,0.7,95.5,0.3,3,0.3,9.05,Midwest,Red
235,2006,Ohio,0,119652,181106,325132,48,6.9,32906,51,1.7,89,8,0.2,1.1,10.88,Midwest,Red
236,2006,Oklahoma,0,59362,95241,190741,49,6.7,29930,50,4.2,80.5,5.1,6.7,1.1,9.94,South,Red
237,2006,Oregon,545,56364,103452,163705,49,7.2,34309,50,6,90,1,1.4,3.3,10.71,West,Blue
238,2006,Pennsylvania,2465,3,515760,520454,49,6.9,32516,51,2.3,90.8,5.9,0.1,1.5,11.15,Northeast,Purple
239,2006,Rhode Island,0,4315,4543,9936,48,7.1,36180,52,6.8,88.4,3.4,0.4,2,11.72,Northeast,Blue
240,2006,South Carolina,21547,45923,65660,148604,48,6.8,32105,52,2.6,74.9,21.8,0.4,1.1,10.11,South,Red
241,2006,South Dakota,0,9107,39529,52675,49,6.8,29131,50,1.2,92.6,0.4,5.2,0.5,8.73,Midwest,Red
242,2006,Tennessee,27999,98928,127063,258500,48,6.7,31740,51,2,84.7,12.4,0.3,0.9,10.2,South,Red
243,2006,Texas,89836,209106,364299,770236,47,6.8,35954,50,25.8,75.8,9.5,0.5,3,11.17,South,Red
244,2006,Utah,20556,24198,60665,106653,44,7.2,33261,48,7.1,92.2,0.6,0.8,2.1,10.96,West,Red
245,2006,Vermont,0,6743,13699,20713,48,7.3,31428,50,0.9,97,0.5,0.5,0.5,8.84,Northeast,Blue
246,2006,Virginia,NA,103742,132077,238862,47,7.3,41918,50,4.2,76.2,16.3,0.3,4.2,10.91,South,Blue
247,2006,Washington,64972,70278,96733,255387,47,7.3,38568,50,5.6,85.1,2.4,1.6,5.9,11.12,West,Blue
248,2006,West Virginia,17,33208,73218,137925,50,6.5,26298,50,0.6,95.5,2.7,0.2,0.6,9.11,South,Red
249,2006,Wisconsin,0,43652,143134,189228,48,6.9,32625,50,2,94.3,2.4,0.8,0.9,10.19,Midwest,Red
250,2006,Wyoming,2758,10469,24239,42376,48,6.9,32694,49,5.5,93.2,0.4,2.2,0.4,8.26,West,Red
251,2007,Alabama,0,91446,114695,245355,49,6.7,32398,51,1.9,76,21.1,0.5,0.8,9.61,South,Red
252,2007,Alaska,0,18339,26540,49604,43,6.8,36649,48,3.3,65.7,1.9,21.8,4.7,8.74,South,Red
253,2007,Arizona,33595,73717,68907,192071,48,7.1,38153,50,20,80.9,2.8,4.5,2.6,11.3,West,Red
254,2007,Arkansas,21203,40060,78154,169824,49,6.6,29266,51,2.9,84.5,11.6,0.7,0.8,9.26,South,Red
255,2007,California,277806,195941,191063,855943,47,7.1,45000,49,26.4,66.2,5.2,0.8,13.2,12.19,West,Blue
256,2007,Colorado,3079,84766,112173,221737,47,7.5,41951,49,13,87.5,2.8,0.9,2.2,11.15,West,Blue
257,2007,Connecticut,52769,29991,28627,116112,49,7.5,51077,51,7.4,85.7,6.8,0.2,2.7,11.41,Northeast,Blue
258,2007,Delaware,0,6300,9316,15912,49,7.1,39460,52,3.5,80.5,14.7,0.3,2.3,11.01,South,Blue
259,2007,Florida,0,236772,169954,426180,51,7.1,39088,51,16.2,82.1,11.1,0.3,2.1,11.46,South,Red
260,2007,Georgia,46333,82899,109975,270468,47,7,37875,51,4.9,69.4,24.5,0.2,2.8,10.55,South,Red
261,2007,Hawaii,6511,0,0,6521,49,7.3,39567,50,5.7,28.9,1.3,0.3,52.4,11.09,South,Blue
262,2007,Idaho,16496,20366,46097,93897,47,6.9,32737,49,6.1,93.7,0.3,1.3,1.1,9.59,West,Red
263,2007,Illinois,375313,64374,93588,536975,48,7.2,40293,51,8.2,81.4,9.6,0.2,3.4,11.62,Midwest,Blue
264,2007,Indiana,0,74545,104199,186864,48,6.8,33402,51,2.9,90.7,5.8,0.2,0.9,10.41,Midwest,Red
265,2007,Iowa,54471,231,42732,98888,49,6.9,31433,51,1.9,96.1,1.1,0.3,0.9,9.59,Midwest,Red
266,2007,Kansas,0,40613,60477,111502,48,7.1,34003,50,4.7,90.8,3.4,0.9,1.5,10.12,Midwest,Red
267,2007,Kentucky,1360388,77636,108671,1587850,48,6.6,31877,51,1.4,92.1,5.6,0.2,0.8,9.79,South,Red
268,2007,Louisiana,0,76147,109624,208201,NA,NA,NA,NA,NA,NA,NA,NA,NA,0,South,Red
269,2007,Maine,0,14846,33139,51279,50,7,31075,51,0.6,97,0.4,0.7,0.8,9.04,Northeast,Blue
270,2007,Maryland,11076,22237,45294,80249,48,7.5,48862,52,4.8,69,22.7,0.3,4.6,11.71,South,Blue
271,2007,Massachusetts,125399,22247,16963,165446,48,7.6,45873,52,5,88,4.1,0.2,4,11.84,Northeast,Red
272,2007,Michigan,139924,24619,143218,311851,49,7,34693,50,2.4,87.6,7.9,0.7,1.7,10.81,Midwest,Purple
273,2007,Minnesota,73309,44506,122205,248086,48,7.1,37158,50,1.7,94.3,1.7,0.8,1.7,10.46,Midwest,Purple
274,2007,Mississippi,7458,47222,92708,175298,49,6.6,29220,52,1.6,67.2,30.5,0.4,0.7,8.91,South,Red
275,2007,Missouri,31449,81328,139515,274085,49,6.8,32614,51,1.9,89.1,7.4,0.5,1.1,10.2,Midwest,Red
276,2007,Montana,5524,19125,49577,90355,50,7,31362,49,1.6,92.3,0.3,4.9,0.7,8.47,West,Red
277,2007,Nebraska,21499,11,29388,52042,49,7,31935,51,3.1,94.4,2,0.7,0.9,10.2,Midwest,Red
278,2007,Nevada,9100,29632,26412,70276,47,6.9,41106,48,17.2,76.9,6.2,1.5,7.4,11.77,West,Purple
279,2007,New Hampshire,20713,18784,25413,65110,48,7.3,40430,50,1.5,96.7,0.6,0.2,1.3,9.92,Northeast,Purple
280,2007,New Jersey,0,16505,19322,36412,48,7.4,50072,51,10.4,77.2,10.2,0.2,6.7,12.24,Northeast,Blue
281,2007,New Mexico,3398,33745,42206,93304,49,6.9,32944,50,36.8,72.5,1.4,8.7,1.6,9.9,West,Blue
282,2007,New York,39927,40064,131364,212174,49,7.3,42812,52,10.1,76.9,11,0.3,5.4,12.56,Northeast,Blue
283,2007,North Carolina,112868,2610,138244,289215,48,7,35363,51,4.3,77.1,17.1,1,1.6,10.32,South,Red
284,2007,North Dakota,3320,6471,30272,42311,49,6.8,30324,49,0.8,95.2,0.3,3.2,0.4,9.05,Midwest,Red
285,2007,Ohio,0,124805,178028,326114,48,7,34473,51,1.7,88.9,8.1,0.2,1.3,10.88,Midwest,Red
286,2007,Oklahoma,0,66041,87593,189081,49,6.8,31855,50,4.2,80,4.8,7.3,1.2,9.94,South,Red
287,2007,Oregon,566,60535,98202,162629,49,7.2,35926,50,6.2,89.9,1.1,1.5,3,10.71,West,Blue
288,2007,Pennsylvania,2646,1,558582,562603,49,6.9,34730,51,2.3,90.7,5.9,0.1,1.7,11.15,Northeast,Purple
289,2007,Rhode Island,0,4535,4734,10222,48,7.1,38700,52,6.4,89.2,3.8,0.2,1.9,11.72,Northeast,Blue
290,2007,South Carolina,24486,50001,61141,150133,49,6.9,33701,51,3,75.2,21.5,0.4,1,10.11,South,Red
291,2007,South Dakota,0,10178,39901,54013,49,6.8,28728,50,1.5,92.9,0.3,4.8,0.5,8.73,Midwest,Red
292,2007,Tennessee,0,114808,121906,241741,48,6.7,33879,51,2.2,85.1,11.8,0.3,1.1,10.2,South,Red
293,2007,Texas,75324,240007,343467,783596,47,6.9,38271,50,26,76.1,9.5,0.5,3.2,11.17,South,Red
294,2007,Utah,40685,29154,55928,127051,44,7.2,35435,48,7.5,92.5,0.6,1.2,2.1,10.96,West,Red
295,2007,Vermont,0,6673,12991,19951,49,7.3,33414,50,0.9,97.2,0.4,0.3,0.9,8.84,Northeast,Blue
296,2007,Virginia,0,114206,124081,241538,47,7.3,44258,50,4.3,76.5,16,0.3,4.2,10.91,South,Blue
297,2007,Washington,77723,79340,96921,276156,48,7.4,40747,49,5.8,85.5,2.3,1.4,6,11.12,West,Blue
298,2007,West Virginia,1,35393,66749,132396,51,6.5,28205,50,0.8,95.4,2.9,0.2,0.5,9.11,South,Red
299,2007,Wisconsin,0,43550,134686,180607,48,6.9,34398,50,2.2,94.2,2.4,0.6,0.9,10.19,Midwest,Red
300,2007,Wyoming,3296,11317,23828,42770,48,7,36308,49,5.6,94.5,0.4,1.6,0.4,8.26,West,Red
301,2008,Alabama,117,112649,143499,299432,49,6.8,33449,52,1.9,75.8,21.4,0.5,0.8,9.61,South,Red
302,2008,Alaska,0,22983,33094,61729,43,6.9,38827,47,3.6,64.7,2,22.5,4.5,8.74,South,Red
303,2008,Arizona,38724,80623,71653,208721,48,7.1,39567,50,20.2,83.4,2.9,4.3,2.6,11.3,West,Red
304,2008,Arkansas,31181,49419,79698,191799,50,6.5,29961,52,3.1,83.9,12,0.6,0.9,9.26,South,Red
305,2008,California,335184,227528,217609,780398,47,7.2,46447,49,27,67.9,5.3,0.9,13.5,12.19,West,Blue
306,2008,Colorado,1,117975,132372,285521,47,7.5,43861,49,13.2,88.5,2.8,0.8,2.4,11.15,West,Blue
307,2008,Connecticut,73454,37234,37053,155885,49,7.6,54031,51,7.7,85.8,6.8,0.2,3.1,11.41,Northeast,Blue
308,2008,Delaware,0,7822,9841,18102,50,7.1,41972,51,4.2,80.3,14.4,0.5,2.3,11.01,South,Blue
309,2008,Florida,0,288165,187986,503672,51,7.2,39593,51,16.5,83.1,11.2,0.3,2.3,11.46,South,Red
310,2008,Georgia,116574,105299,109944,367374,47,7.1,39477,51,5,69.1,25,0.2,2.7,10.55,South,Red
311,2008,Hawaii,8562,0,0,8569,49,7.3,40519,50,6.8,26.8,1.5,0.3,52.9,11.09,South,Blue
312,2008,Idaho,17469,23542,46609,100457,48,6.9,32395,49,6.4,94.3,0.5,0.9,1.1,9.59,West,Red
313,2008,Illinois,427723,80729,102650,615941,48,7.2,41536,51,8.3,82.6,9.7,0.2,3.4,11.62,Midwest,Blue
314,2008,Indiana,0,94880,115552,219900,48,6.9,34178,51,3.2,90.5,5.9,0.3,1.1,10.41,Midwest,Red
315,2008,Iowa,63746,355,42766,108330,49,6.9,32685,51,2.2,96.2,1.2,0.2,0.9,9.59,Midwest,Red
316,2008,Kansas,0,50572,64304,126084,49,7.1,35849,50,5.3,90.9,3.6,0.8,1.5,10.12,Midwest,Red
317,2008,Kentucky,1641815,86095,109564,1881101,49,6.7,33166,51,1.6,91.8,5.8,0.2,0.9,9.79,South,Red
318,2008,Louisiana,0,94932,129014,248355,NA,NA,NA,NA,NA,NA,NA,NA,NA,0,South,Red
319,2008,Maine,0,18541,34394,56561,50,7,31287,51,0.6,96.9,0.4,0.6,0.7,9.04,Northeast,Blue
320,2008,Maryland,3357,36916,47551,89583,48,7.5,50041,52,5.2,68.9,22.8,0.3,4.8,11.71,South,Blue
321,2008,Massachusetts,75251,24184,19407,119859,48,7.6,47710,52,5.5,87.4,4.8,0.2,4.1,11.84,Northeast,Red
322,2008,Michigan,185005,26618,140993,357335,49,7,35323,51,2.5,87.4,8.2,0.6,1.6,10.81,Midwest,Purple
323,2008,Minnesota,92602,54590,121022,277175,48,7.2,38636,49,1.9,94.1,1.9,0.7,1.9,10.46,Midwest,Purple
324,2008,Mississippi,6416,54973,90221,181068,49,6.7,30997,53,1.4,67.2,30.6,0.4,0.8,8.91,South,Red
325,2008,Missouri,7896,138874,147805,321487,49,6.9,33990,51,2,89.2,7.2,0.4,1.2,10.2,Midwest,Red
326,2008,Montana,6854,22710,51084,97599,50,7.2,33363,49,1.5,93.2,0.2,4.4,0.6,8.47,West,Red
327,2008,Nebraska,25172,102,30070,56589,49,7,33212,51,3.6,94.2,2.2,0.6,0.9,10.2,Midwest,Red
328,2008,Nevada,10233,42766,35528,95252,48,7,41181,49,16.8,78.7,6.2,1.7,7.7,11.77,West,Purple
329,2008,New Hampshire,17087,23478,26434,67293,49,7.5,42749,50,1.5,96.8,0.4,0.2,1.3,9.92,Northeast,Purple
330,2008,New Jersey,0,19042,20719,40525,49,7.5,52013,51,10.9,78.3,10.5,0.2,6.4,12.24,Northeast,Blue
331,2008,New Mexico,4258,40601,46633,106131,49,6.9,34980,50,38.2,76,1.6,9.4,1.2,9.9,West,Blue
332,2008,New York,35622,44324,140795,221920,49,7.3,44207,52,10.3,77.2,11.3,0.4,5.8,12.56,Northeast,Blue
333,2008,North Carolina,156913,2770,148261,347473,49,7,36637,51,4.3,76.7,17.7,0.9,1.7,10.32,South,Red
334,2008,North Dakota,3930,8666,32021,46832,50,6.9,33587,49,0.9,95.1,0.6,2.8,0.3,9.05,Midwest,Red
335,2008,Ohio,0,161737,162264,350014,49,7,35339,51,1.8,88.9,8.2,0.2,1.2,10.88,Midwest,Red
336,2008,Oklahoma,0,86615,96827,221612,49,6.8,32673,51,4.3,80.6,4.9,6.6,1.3,9.94,South,Red
337,2008,Oregon,608,71876,103276,179887,49,7.3,37039,50,6.4,90.4,1.2,1.4,3,10.71,West,Blue
338,2008,Pennsylvania,2737,2,594353,598544,50,7,36049,51,2.6,90.8,5.8,0.1,1.6,11.15,Northeast,Purple
339,2008,Rhode Island,0,5869,5315,12405,49,7.2,40213,52,6.8,89.3,3.8,0.3,1.9,11.72,Northeast,Blue
340,2008,South Carolina,31913,70257,65954,184941,49,7,35021,52,3.1,75,21.8,0.3,0.9,10.11,South,Red
341,2008,South Dakota,0,14712,43438,62489,50,6.8,32175,50,1.1,93.3,0.5,4.6,0.4,8.73,Midwest,Red
342,2008,Tennessee,136,146725,129725,282819,49,6.8,34815,51,2.4,84.5,12.3,0.3,1.2,10.2,South,Red
343,2008,Texas,98980,337415,394276,944568,47,6.9,40111,50,26.3,78.7,9.7,0.6,3.3,11.17,South,Red
344,2008,Utah,92047,34625,53199,181592,44,7.3,36816,48,7.9,93.1,0.8,1,2.3,10.96,West,Red
345,2008,Vermont,0,8102,13499,21991,49,7.3,35742,52,1,97,0.3,0.3,0.5,8.84,Northeast,Blue
346,2008,Virginia,0,137088,137713,278974,47,7.3,45869,51,4.5,76.6,15.8,0.3,4.6,10.91,South,Blue
347,2008,Washington,82055,97464,113027,316589,48,7.4,42669,50,6,85,2.4,1.5,6.3,11.12,West,Blue
348,2008,West Virginia,0,43587,72132,147689,51,6.5,28918,51,0.8,95.7,2.6,0.2,0.5,9.11,South,Red
349,2008,Wisconsin,0,54002,130285,186819,49,7,35301,50,2.5,94.2,2.5,0.7,1.2,10.19,Midwest,Red
350,2008,Wyoming,4232,15302,25014,49255,48,7,37631,49,5,93.8,0.8,2.1,0.6,8.26,West,Red
351,2009,Alabama,2619,119867,146978,317868,50,6.8,33081,52,2,75.8,21,0.6,0.8,9.61,South,Red
352,2009,Alaska,0,23339,31112,60780,44,6.9,38433,48,3.5,63.6,2.7,23.3,4.5,8.74,South,Red
353,2009,Arizona,41143,82347,71188,215379,49,7.2,37966,50,19.6,83.5,3.1,4.3,2.5,11.3,West,Red
354,2009,Arkansas,43585,55239,76494,209842,50,6.6,29966,51,3.2,83.8,11.9,0.7,1,9.26,South,Red
355,2009,California,291115,240795,256203,788164,48,7.2,44692,49,27.5,67.5,5.3,0.9,13.6,12.19,West,Blue
356,2009,Colorado,1,126647,132671,313641,47,7.6,43400,50,13.5,88.5,2.9,0.9,2.4,11.15,West,Blue
357,2009,Connecticut,114110,46464,40850,202454,49,7.6,52468,52,8.3,85.5,6.9,0.2,3,11.41,Northeast,Blue
358,2009,Delaware,0,9712,10246,20530,50,7.2,40444,52,4.5,80.5,14,0.4,2.5,11.01,South,Blue
359,2009,Florida,0,323436,195554,556540,52,7.2,38059,51,16.7,82.5,11.6,0.3,2.2,11.46,South,Red
360,2009,Georgia,128237,105011,101644,373237,48,7.1,38487,51,4.9,69.3,24.8,0.2,2.8,10.55,South,Red
361,2009,Hawaii,10511,0,0,10511,50,7.3,39734,50,6.2,27.3,0.9,0.3,51.9,11.09,South,Blue
362,2009,Idaho,20319,23365,43713,99243,48,7,31596,49,6.5,94,0.5,1.3,1,9.59,West,Red
363,2009,Illinois,528388,99880,118568,752071,48,7.2,41507,51,8.6,82.2,9.6,0.2,3.6,11.62,Midwest,Blue
364,2009,Indiana,31606,110487,118446,273803,49,6.9,33520,51,3.4,90.4,6,0.2,1.1,10.41,Midwest,Red
365,2009,Iowa,76640,441,41520,120233,50,7,33185,51,2,96.2,1.2,0.3,1,9.59,Midwest,Red
366,2009,Kansas,0,59429,70038,142984,49,7.1,35598,51,5.2,90.9,3.4,1,1.7,10.12,Midwest,Red
367,2009,Kentucky,1943007,90376,108036,2189578,49,6.7,32452,51,1.6,91.7,5.9,0.2,0.8,9.79,South,Red
368,2009,Louisiana,0,97990,122013,247084,NA,NA,NA,NA,NA,NA,NA,NA,NA,0,South,Red
369,2009,Maine,0,21341,35648,60955,51,7,31969,51,1,97,0.5,0.7,0.5,9.04,Northeast,Blue
370,2009,Maryland,1,45907,47237,95191,48,7.6,50829,52,5.4,68.1,23.1,0.3,5.1,11.71,South,Blue
371,2009,Massachusetts,44428,30166,22114,98864,49,7.6,47483,52,5.6,87.2,4.6,0.2,4.3,11.84,Northeast,Red
372,2009,Michigan,194808,25707,135169,362172,50,7,34399,51,2.6,87.8,8,0.6,1.7,10.81,Midwest,Purple
373,2009,Minnesota,94956,61840,117678,285130,49,7.1,37829,50,2,93.9,2,0.8,1.8,10.46,Midwest,Purple
374,2009,Mississippi,2970,51789,80682,167057,50,6.6,30157,53,1.8,66.2,31.2,0.5,0.7,8.91,South,Red
375,2009,Missouri,13189,158961,151973,355678,49,6.9,33644,51,2.1,88.9,7.6,0.4,1.2,10.2,Midwest,Red
376,2009,Montana,8591,24931,49599,101976,50,7.1,31625,50,1.8,93.2,0.2,4.3,0.4,8.47,West,Red
377,2009,Nebraska,29559,135,28315,59328,49,7.1,33786,50,4.2,93.6,2.2,0.8,1,10.2,Midwest,Red
378,2009,Nevada,12361,47416,39831,107343,48,7,40057,48,17.3,77.8,6.4,1.6,7.9,11.77,West,Purple
379,2009,New Hampshire,18663,27945,29280,76102,49,7.4,41295,51,1.6,96.3,0.8,0.2,1.2,9.92,Northeast,Purple
380,2009,New Jersey,0,29976,24517,55533,49,7.5,52175,51,11.7,77.6,10.2,0.3,6.8,12.24,Northeast,Blue
381,2009,New Mexico,5871,40840,44715,106854,50,7,34167,50,38.2,75.4,1.4,9.7,1.2,9.9,West,Blue
382,2009,New York,34216,54613,148597,241165,49,7.3,44532,52,10.8,77.2,11.2,0.3,5.5,12.56,Northeast,Blue
383,2009,North Carolina,182768,2648,139077,368460,49,7.1,35722,52,4.4,76.3,18.1,0.9,1.8,10.32,South,Red
384,2009,North Dakota,6492,9779,29090,47962,50,7,35931,50,1,94.8,0.5,3.3,0.4,9.05,Midwest,Red
385,2009,Ohio,0,194377,168250,395580,49,7,34876,51,1.8,88.6,8.4,0.2,1.3,10.88,Midwest,Red
386,2009,Oklahoma,0,96676,95024,234562,49,6.8,32731,50,4.7,79.7,5,6.8,1.3,9.94,South,Red
387,2009,Oregon,690,77167,102016,185043,49,7.3,36583,50,6.4,89.4,1.2,1.2,3.6,10.71,West,Blue
388,2009,Pennsylvania,2278,7,637968,641696,50,7,36365,51,2.6,90.6,5.9,0.1,1.7,11.15,Northeast,Purple
389,2009,Rhode Island,0,7168,6244,14799,49,7.2,40433,53,7,88.1,4.2,0.4,2.2,11.72,Northeast,Blue
390,2009,South Carolina,53242,78235,64021,214584,49,7,34203,52,2.8,74.7,22.1,0.3,1.2,10.11,South,Red
391,2009,South Dakota,0,16164,42901,63748,49,6.9,31633,50,1.3,93.3,0.5,4.1,0.5,8.73,Midwest,Red
392,2009,Tennessee,100410,166340,135670,408991,49,6.8,33658,51,2.4,84.5,12.4,0.2,1.1,10.2,South,Red
393,2009,Texas,147383,364996,377244,1014015,47,6.9,39831,50,27,78.5,9.6,0.6,3.4,11.17,South,Red
394,2009,Utah,174201,34134,46020,256136,44,7.3,36434,48,7.7,92.8,0.5,1,2.4,10.96,West,Red
395,2009,Vermont,0,8898,13594,23085,50,7.3,34995,50,0.8,97.7,0.4,0.2,0.6,8.84,Northeast,Blue
396,2009,Virginia,0,148246,143801,296463,48,7.4,45966,51,4.6,76.1,16,0.4,4.6,10.91,South,Blue
397,2009,Washington,83867,111756,111328,336732,48,7.4,41780,50,6.5,84.7,2.3,1.5,6.6,11.12,West,Blue
398,2009,West Virginia,165,49248,72072,156831,51,6.6,30104,51,0.8,95,2.6,0.2,0.6,9.11,South,Red
399,2009,Wisconsin,0,64458,128637,196951,49,7,34785,50,2.7,94.2,2.7,0.7,1.1,10.19,Midwest,Red
400,2009,Wyoming,6943,15729,23371,51395,48,7.1,36966,48,5.7,93.9,0.6,2.1,0.5,8.26,West,Red
401,2010,Alabama,4621,116963,136519,308607,50,6.8,33196,52,2.1,74.9,22,0.6,0.9,9.61,South,Red
402,2010,Alaska,0,25720,33177,65909,44,6.9,38612,47,4.2,62.3,2.2,24.2,5.2,8.74,South,Red
403,2010,Arizona,24751,89162,69067,206050,50,7.2,36938,50,19.8,83,3.4,4.7,2.5,11.3,West,Red
404,2010,Arkansas,31305,49992,72206,191448,50,6.6,29928,51,3.1,83.7,12.6,0.6,0.9,9.26,South,Red
405,2010,California,295252,245159,275458,816399,48,7.2,43859,50,28.3,67.4,5.2,0.8,14.1,12.19,West,Blue
406,2010,Colorado,12928,130155,129642,300820,48,7.6,42129,50,13.7,88.1,2.9,1,2.4,11.15,West,Blue
407,2010,Connecticut,90942,47545,40546,179595,50,7.6,51812,52,8.6,85.1,7.3,0.2,2.9,11.41,Northeast,Blue
408,2010,Delaware,0,9230,9466,19240,51,7.2,40413,52,4.2,79.2,15,0.4,2.8,11.01,South,Blue
409,2010,Florida,35,332371,186675,559347,52,7.2,37095,52,17.3,82.2,11.9,0.3,2.3,11.46,South,Red
410,2010,Georgia,95959,99145,95541,333247,48,7.1,37031,52,5,68.5,25.4,0.2,2.9,10.55,South,Red
411,2010,Hawaii,10527,0,0,10533,50,7.3,39333,50,6.3,26.5,1.2,0.3,52.6,11.09,South,Blue
412,2010,Idaho,13758,23081,42074,92031,49,7,31457,49,7.3,94,0.4,1.4,1,9.59,West,Red
413,2010,Illinois,463699,109204,116746,695300,49,7.3,40527,51,8.7,82.5,9.7,0.2,3.5,11.62,Midwest,Blue
414,2010,Indiana,105419,112615,114450,345650,49,6.9,33259,51,3.5,90.4,6.1,0.3,1.1,10.41,Midwest,Red
415,2010,Iowa,82079,588,40400,124738,50,7,32943,51,2.5,95.7,1.4,0.3,1,9.59,Midwest,Red
416,2010,Kansas,4008,57808,67562,144156,50,7.2,35321,51,5.1,90.8,3.5,0.9,1.5,10.12,Midwest,Red
417,2010,Kentucky,2149338,84311,99910,2385579,49,6.7,32306,51,1.7,91.3,6.3,0.2,0.8,9.79,South,Red
418,2010,Louisiana,0,89765,119251,239204,NA,NA,NA,NA,NA,NA,NA,NA,NA,0,South,Red
419,2010,Maine,0,23380,37968,65988,51,7.1,31797,51,0.8,96.7,0.7,0.7,0.6,9.04,Northeast,Blue
420,2010,Maryland,4,39909,45556,88162,49,7.6,50237,52,5.6,67.7,23.3,0.3,5.2,11.71,South,Blue
421,2010,Massachusetts,58474,33468,21903,115904,49,7.7,46909,52,5.8,86.5,4.8,0.2,4.3,11.84,Northeast,Red
422,2010,Michigan,194283,18523,129008,348200,50,7.1,33856,51,2.6,87.3,8.2,0.7,1.8,10.81,Midwest,Purple
423,2010,Minnesota,109840,58612,117485,297390,49,7.2,37879,50,2,93.8,2,0.8,1.9,10.46,Midwest,Purple
424,2010,Mississippi,3826,50788,80935,169873,50,6.7,29620,52,1.8,65.3,32.2,0.4,0.8,8.91,South,Red
425,2010,Missouri,23095,149923,141957,349672,49,6.9,33004,52,2.2,88.8,7.7,0.4,1.3,10.2,Midwest,Red
426,2010,Montana,7857,25083,48163,101095,50,7.3,32569,50,1.8,93.2,0.3,4.5,0.4,8.47,West,Red
427,2010,Nebraska,27728,897,28141,58283,50,7.1,33258,50,4.1,94,2.4,0.8,0.9,10.2,Midwest,Red
428,2010,Nevada,13332,46625,36803,104789,49,7,38747,49,18,77.2,6.2,1.5,7.9,11.77,West,Purple
429,2010,New Hampshire,22799,28788,27960,79940,50,7.5,42519,51,1.3,95.8,0.8,0.3,1.7,9.92,Northeast,Purple
430,2010,New Jersey,0,25593,24032,50522,50,7.5,50863,51,11.9,76.9,10.6,0.2,7,12.24,Northeast,Blue
431,2010,New Mexico,8100,42618,42293,109069,50,7,33984,50,38,76.6,1.6,9.5,1.2,9.9,West,Blue
432,2010,New York,30047,59848,147539,241495,49,7.3,44066,51,11.3,76.2,11.3,0.4,6,12.56,Northeast,Blue
433,2010,North Carolina,150722,3007,128899,331637,49,7.1,35300,52,4.6,75.9,18.4,0.9,1.8,10.32,South,Red
434,2010,North Dakota,4051,9932,30214,47083,50,7,33360,50,1.3,94.3,0.6,3.1,0.7,9.05,Midwest,Red
435,2010,Ohio,1,199090,159740,393250,50,7,34578,51,2,88.1,8.7,0.2,1.4,10.88,Midwest,Red
436,2010,Oklahoma,0,95249,91058,233909,50,6.8,32330,50,5,78.8,5,7.4,1.3,9.94,South,Red
437,2010,Oregon,486,80060,98279,184835,50,7.3,35513,50,6.4,89.8,1.2,1.3,3.3,10.71,West,Blue
438,2010,Pennsylvania,2569,6,622368,626677,50,7,35903,51,2.8,90.2,6,0.1,1.9,11.15,Northeast,Purple
439,2010,Rhode Island,0,7641,6062,14835,49,7.2,40023,52,7,88.3,3.9,0.3,2.2,11.72,Northeast,Blue
440,2010,South Carolina,48351,70314,61328,201628,50,7,33022,52,3,73.7,23,0.3,1,10.11,South,Red
441,2010,South Dakota,0,16624,41403,63151,50,7,32836,50,1.4,93.5,0.5,4.5,0.3,8.73,Midwest,Red
442,2010,Tennessee,102940,166078,135550,411024,50,6.8,33113,51,2.3,84,12.7,0.3,1.3,10.2,South,Red
443,2010,Texas,122062,344377,361378,968071,48,6.9,38895,49,27.5,78.9,9.8,0.6,3.6,11.17,South,Red
444,2010,Utah,481563,28442,41495,553134,45,7.3,36134,48,8.5,91.9,0.7,0.9,2.6,10.96,West,Red
445,2010,Vermont,0,9535,14191,24276,50,7.4,34933,50,1.1,96.7,0.8,0.2,0.9,8.84,Northeast,Blue
446,2010,Virginia,0,169736,145468,320783,48,7.4,45886,51,4.9,75.8,16.2,0.3,4.8,10.91,South,Blue
447,2010,Washington,80101,117336,103848,335342,49,7.4,40976,50,6.6,83.9,2.5,1.6,6.8,11.12,West,Blue
448,2010,West Virginia,179,49351,72106,159550,51,6.6,29731,50,0.9,94.9,2.7,0.2,0.6,9.11,South,Red
449,2010,Wisconsin,1,62619,127101,194797,49,7,34926,50,2.6,93.9,2.6,0.8,1.1,10.19,Midwest,Red
450,2010,Wyoming,5916,14589,21490,47709,49,7.1,37871,49,5.6,93.8,0.6,1.9,0.6,8.26,West,Red
451,2011,Alabama,5036,130490,146290,336102,51,6.8,31784,52,1.9,73.5,23.6,0.5,0.9,9.61,South,Red
452,2011,Alaska,0,28291,34607,70198,43,6.7,35329,48,3.5,55.9,1.7,32.3,4.4,8.74,South,Red
453,2011,Arizona,32906,108245,81285,251477,50,7.1,35570,50,20.1,80.4,3.2,7.2,2.7,11.3,West,Red
454,2011,Arkansas,30087,54659,78806,206228,51,6.6,28840,51,2.8,82.7,13.7,0.6,0.8,9.26,South,Red
455,2011,California,278625,303169,320988,905701,49,7.1,42988,49,29,67.2,5.4,0.9,14.3,12.19,West,Blue
456,2011,Colorado,1280,148975,146166,336296,48,7.6,41113,50,14.3,88.3,3.1,1,2.4,11.15,West,Blue
457,2011,Connecticut,93587,49793,41435,186068,50,7.6,51018,52,9,84.3,7.6,0.2,3.2,11.41,Northeast,Blue
458,2011,Delaware,0,11126,10672,22490,50,7.2,40390,53,4.6,78.9,15.4,0.5,2.6,11.01,South,Blue
459,2011,Florida,10,379889,212419,643229,52,7.1,37089,52,17.1,81.3,13.1,0.3,2.1,11.46,South,Red
460,2011,Georgia,90278,116794,112097,367894,49,7,35105,52,4.7,67.6,27,0.2,2.5,10.55,South,Red
461,2011,Hawaii,12626,0,0,12635,50,7.3,38279,49,7,26.4,1.4,0.3,51.9,11.09,South,Blue
462,2011,Idaho,16284,27967,47957,106616,49,7,30666,49,7.4,93.7,0.4,1.8,1.1,9.59,West,Red
463,2011,Illinois,553984,134178,133935,828962,49,7.2,39459,51,8.7,81.5,10.8,0.2,3.5,11.62,Midwest,Blue
464,2011,Indiana,78242,136250,130012,359840,49,6.8,32287,51,3.2,89.7,6.7,0.2,1.1,10.41,Midwest,Red
465,2011,Iowa,135236,995,41838,179944,50,7,32823,51,2.3,95.5,1.5,0.4,1.1,9.59,Midwest,Red
466,2011,Kansas,13549,60955,74165,164898,50,7.1,34090,51,5.6,90.7,3.6,1,1.5,10.12,Midwest,Red
467,2011,Kentucky,2019543,92936,111518,2280832,50,6.7,31283,51,1.7,91.1,6.4,0.2,0.8,9.79,South,Red
468,2011,Louisiana,0,101519,130125,264552,NA,NA,NA,NA,NA,NA,NA,NA,NA,0,South,Red
469,2011,Maine,0,27040,40838,73127,51,7.1,31194,50,0.8,96.6,0.7,0.7,0.8,9.04,Northeast,Blue
470,2011,Maryland,290,45851,53678,103020,49,7.6,49348,52,5.4,66.7,24.4,0.3,5.2,11.71,South,Blue
471,2011,Massachusetts,83795,42506,24802,153487,49,7.6,45582,52,6.6,85.6,5.1,0.2,4.5,11.84,Northeast,Red
472,2011,Michigan,201143,15224,134412,356635,50,7.1,33627,50,2.7,86.5,9.1,0.7,1.7,10.81,Midwest,Purple
473,2011,Minnesota,124260,72073,127369,337534,50,7.2,37599,49,2,93.1,2.2,1,2,10.46,Midwest,Purple
474,2011,Mississippi,4875,56615,86909,185059,50,6.7,28687,54,1.8,63.8,34.1,0.4,0.8,8.91,South,Red
475,2011,Missouri,27697,167789,160145,394923,50,6.9,32616,51,2.2,87.8,8.5,0.4,1.2,10.2,Midwest,Red
476,2011,Montana,7801,29416,50377,108974,51,7.2,31879,49,1.5,92,0.3,5.7,0.3,8.47,West,Red
477,2011,Nebraska,32299,1225,30806,65860,50,7.1,33944,51,4.3,93.9,2.6,0.9,1,10.2,Midwest,Red
478,2011,Nevada,14285,53246,42142,118740,50,6.9,36716,49,18.9,76.1,6.5,2.8,6.5,11.77,West,Purple
479,2011,New Hampshire,25986,33604,30808,90984,50,7.5,41412,51,1.6,96.4,0.6,0.2,1.4,9.92,Northeast,Purple
480,2011,New Jersey,0,31163,28005,60256,50,7.5,49847,52,12.3,75.7,11.5,0.2,7,12.24,Northeast,Blue
481,2011,New Mexico,6413,46708,45187,115620,50,7,34369,50,37.3,71.4,1.6,13.5,1.3,9.9,West,Blue
482,2011,New York,37459,65774,163547,271837,49,7.3,42584,52,11.2,74.7,12.4,0.4,6.1,12.56,Northeast,Blue
483,2011,North Carolina,167568,3703,148662,375211,50,7,34031,52,4.5,74.3,20.1,1.2,1.7,10.32,South,Red
484,2011,North Dakota,5801,15144,36835,61032,50,6.9,36023,49,1.4,93.1,0.5,3.9,0.7,9.05,Midwest,Red
485,2011,Ohio,3,243338,186301,468974,50,7,33598,51,2.1,87,9.7,0.2,1.3,10.88,Midwest,Red
486,2011,Oklahoma,1,109524,109833,271816,50,6.8,31884,50,5.2,77.8,5.5,7.4,1.3,9.94,South,Red
487,2011,Oregon,578,95413,106685,209781,50,7.3,35449,50,6.6,89.1,1.4,1.5,3.5,10.71,West,Blue
488,2011,Pennsylvania,3209,94,714553,718934,50,7,35123,51,2.8,89.8,6.6,0.2,1.8,11.15,Northeast,Purple
489,2011,Rhode Island,0,8689,7241,17271,50,7.2,39492,53,7.6,87.4,4.4,0.3,2.4,11.72,Northeast,Blue
490,2011,South Carolina,52126,81206,70232,229419,50,6.9,31985,52,2.9,70.8,25.8,0.4,1.2,10.11,South,Red
491,2011,South Dakota,0,20186,43602,69654,50,6.9,31918,49,1.7,90.7,0.6,6.1,0.6,8.73,Midwest,Red
492,2011,Tennessee,96198,188776,158193,451107,50,6.8,32678,51,2.4,83.3,13.2,0.3,1.1,10.2,South,Red
493,2011,Texas,161077,413943,423486,1155387,49,6.8,38009,50,28,79.3,10.1,0.5,3.3,11.17,South,Red
494,2011,Utah,939767,32105,46702,1020789,46,7.4,36324,48,7.3,91.9,0.7,1.1,2.4,10.96,West,Red
495,2011,Vermont,0,11276,15381,27292,50,7.5,35248,51,0.8,96.6,0.6,0.4,0.8,8.84,Northeast,Blue
496,2011,Virginia,0,175556,149404,331468,49,7.4,44152,51,4.9,74.6,17.7,0.4,4.3,10.91,South,Blue
497,2011,Washington,101640,137157,116763,394410,49,7.4,40890,50,6.5,83.8,2.5,1.8,6.7,11.12,West,Blue
498,2011,West Virginia,1163,60210,82189,185491,52,6.6,29570,51,0.9,94.8,2.8,0.2,0.7,9.11,South,Red
499,2011,Wisconsin,83719,101839,130883,322761,50,7,34088,50,2.6,93.4,3.1,0.9,1.1,10.19,Midwest,Red
500,2011,Wyoming,3992,18586,23558,52224,49,7.1,36242,49,6,91.9,0.6,3.3,0.7,8.26,West,Red
501,2012,Alabama,6135,177239,184072,431356,51,6.8,32672,52,1.9,73.7,23.4,0.6,0.9,9.61,South,Red
502,2012,Alaska,89,35851,40505,85342,44,6.7,37189,46,3.5,56.3,1.5,31.4,4.6,8.74,South,Red
503,2012,Arizona,55725,139050,107079,339663,50,7.2,37320,50,20.9,80.6,3.4,6.3,2.8,11.3,West,Red
504,2012,Arkansas,36490,69481,94539,246193,51,6.7,30425,52,3.1,83.4,12.9,0.6,0.9,9.26,South,Red
505,2012,California,324057,375569,423207,1132603,49,7.2,44144,49,29.7,66.5,5.4,1,14.3,12.19,West,Blue
506,2012,Colorado,41271,184989,170969,414838,48,7.7,43461,49,13.8,88.3,3.3,1,2.4,11.15,West,Blue
507,2012,Connecticut,117327,63570,53992,237496,50,7.6,52691,52,9,84.1,7.8,0.3,3.4,11.41,Northeast,Blue
508,2012,Delaware,36,15684,13873,30724,51,7.3,41048,52,5.2,78.4,15.8,0.3,2.7,11.01,South,Blue
509,2012,Florida,4,473185,296793,834319,53,7.2,38222,52,17.5,81.9,12.5,0.3,2.2,11.46,South,Red
510,2012,Georgia,120240,149486,138183,465560,49,7.1,37841,51,4.8,68.4,25.9,0.3,2.7,10.55,South,Red
511,2012,Hawaii,17406,2,2,17428,50,7.4,40058,49,6.8,26.4,1.5,0.3,52.4,11.09,South,Blue
512,2012,Idaho,27810,35429,57061,136482,50,7,32349,49,6.4,93.1,0.3,1.9,1.2,9.59,West,Red
513,2012,Illinois,670197,181910,174405,1036061,49,7.3,41070,51,9.3,81.3,10.6,0.2,3.6,11.62,Midwest,Blue
514,2012,Indiana,89993,188980,174306,475607,49,6.9,33489,51,3.5,89.6,6.8,0.2,1.1,10.41,Midwest,Red
515,2012,Iowa,98634,1473,45722,147700,50,7,34032,51,2.4,95.5,1.6,0.3,1.1,9.59,Midwest,Red
516,2012,Kansas,18323,82285,90441,210972,50,7.2,35622,50,5.9,90.5,3.7,0.9,1.6,10.12,Midwest,Red
517,2012,Kentucky,2279591,117969,129589,2589358,50,6.8,32522,51,1.8,91.1,6.2,0.2,1,9.79,South,Red
518,2012,Louisiana,0,129806,157772,326290,NA,NA,NA,NA,NA,NA,NA,NA,NA,0,South,Red
519,2012,Maine,0,36602,48634,91834,51,7.2,32057,51,0.8,96.4,0.6,0.9,0.7,9.04,Northeast,Blue
520,2012,Maryland,166,66909,65937,136604,49,7.6,51049,52,5.4,66.3,24.5,0.3,5.3,11.71,South,Blue
521,2012,Massachusetts,115496,55136,35033,210453,49,7.7,47285,52,6.9,85.1,5.4,0.2,4.7,11.84,Northeast,Red
522,2012,Michigan,242029,21005,159546,430405,51,7.1,34752,50,2.7,86.6,8.9,0.7,1.7,10.81,Midwest,Purple
523,2012,Minnesota,172651,102120,148621,440992,50,7.2,38778,49,2,92.8,2.1,1.1,2.1,10.46,Midwest,Purple
524,2012,Mississippi,5190,72957,104362,222297,51,6.7,29819,53,1.6,63.8,33.9,0.5,0.6,8.91,South,Red
525,2012,Missouri,40304,219811,203285,513303,50,7,33257,51,2.1,88,8.2,0.4,1.2,10.2,Midwest,Red
526,2012,Montana,12401,39239,59452,134455,51,7.2,33425,49,2.1,90.3,0.2,7,0.4,8.47,West,Red
527,2012,Nebraska,48284,1206,34758,85860,50,7.1,35227,51,4.2,93.2,2.8,0.9,1.2,10.2,Midwest,Red
528,2012,Nevada,19920,61929,51644,146363,50,7.1,39122,49,17.9,75.3,6.7,2.1,8.1,11.77,West,Purple
529,2012,New Hampshire,32899,50981,43602,128178,50,7.6,42505,50,1.4,96.1,0.8,0.2,1.4,9.92,Northeast,Purple
530,2012,New Jersey,0,45151,38508,85851,50,7.5,51210,51,12.4,75.9,11.5,0.2,7.4,12.24,Northeast,Blue
531,2012,New Mexico,8025,58155,57555,143419,51,7,33997,51,37.3,71.2,1.5,14.6,1.3,9.9,West,Blue
532,2012,New York,30529,82884,214474,338619,50,7.3,43476,51,11.6,74.4,12.3,0.4,6.3,12.56,Northeast,Blue
533,2012,North Carolina,226996,8835,191132,489307,50,7.1,35985,51,4.5,75.6,18.7,1.3,1.9,10.32,South,Red
534,2012,North Dakota,13163,22938,44526,84867,50,7,41454,49,1.5,92.6,0.7,5,0.4,9.05,Midwest,Red
535,2012,Ohio,0,328683,249311,629215,50,7,34942,51,2.1,87.1,9.6,0.2,1.3,10.88,Midwest,Red
536,2012,Oklahoma,0,158678,146545,367976,49,6.8,32678,50,5.5,76.7,5.3,8.2,1.3,9.94,South,Red
537,2012,Oregon,431,132660,133862,267041,50,7.4,36976,51,6.5,89.2,1.3,1.5,3.5,10.71,West,Blue
538,2012,Pennsylvania,93393,536,873543,968534,50,7.1,36727,51,2.9,89.6,6.6,0.1,1.8,11.15,Northeast,Purple
539,2012,Rhode Island,0,11604,10508,24050,49,7.3,39665,53,7.4,87.1,4.8,0.3,2.7,11.72,Northeast,Blue
540,2012,South Carolina,77286,113109,86155,308408,51,7,33984,52,3,72.7,23.7,0.4,1.2,10.11,South,Red
541,2012,South Dakota,0,28948,52801,88447,50,6.9,31962,50,1.9,89.2,0.7,7.4,0.7,8.73,Midwest,Red
542,2012,Tennessee,74627,233098,206066,524122,50,6.9,34477,51,2.4,83.2,13.4,0.3,1.3,10.2,South,Red
543,2012,Texas,166035,548083,535441,1436132,49,6.9,39852,50,28.7,79.1,10.2,0.6,3.5,11.17,South,Red
544,2012,Utah,123852,42737,53980,230999,46,7.4,37653,48,7.3,91.5,0.8,1.3,2.5,10.96,West,Red
545,2012,Vermont,0,14891,18590,34507,50,7.5,36274,51,1.4,97.1,0.5,0.4,0.7,8.84,Northeast,Blue
546,2012,Virginia,0,235889,203068,448754,49,7.5,47520,51,5,74.9,16.5,0.3,5,10.91,South,Blue
547,2012,Washington,132907,183670,154850,519209,50,7.5,42730,50,6.9,83.6,2.5,1.9,6.7,11.12,West,Blue
548,2012,West Virginia,3025,78593,98749,225580,52,6.6,31212,50,1,94.4,3.2,0.2,0.6,9.11,South,Red
549,2012,Wisconsin,136706,165937,158062,469375,50,7.1,35411,50,2.6,93.4,3.1,0.9,1.1,10.19,Midwest,Red
550,2012,Wyoming,3902,24029,28263,63356,49,7.2,36764,49,6.3,91.5,0.5,3.8,0.5,8.26,West,Red
551,2013,Alabama,100231,195052,203530,563880,51,6.9,34459,52,1.8,74.3,22.6,0.5,0.9,9.61,South,Red
552,2013,Alaska,2569,36678,44001,93405,44,6.7,37875,46,3.6,56.3,2,31.5,4.4,8.74,South,Red
553,2013,Arizona,76048,138744,110309,363036,50,7.2,38725,50,20.2,80.9,3.3,6.1,2.9,11.3,West,Red
554,2013,Arkansas,66434,74884,94837,279736,51,6.7,31666,51,3.1,83.2,12.6,0.6,1,9.26,South,Red
555,2013,California,423953,407355,526191,1368295,49,7.2,46416,49,29.2,66,5.4,0.9,14.7,12.19,West,Blue
556,2013,Colorado,89282,213176,188017,514658,48,7.7,45207,49,13.9,88,3,0.8,2.6,11.15,West,Blue
557,2013,Connecticut,163105,68920,57455,294338,50,7.7,55337,52,8.9,84.3,7.2,0.3,3.5,11.41,Northeast,Blue
558,2013,Delaware,2040,19799,16424,40062,51,7.4,42224,51,4.7,78.8,14.9,0.7,3,11.01,South,Blue
559,2013,Florida,167737,503401,326475,1073859,53,7.3,39517,51,17.7,81.9,12.1,0.3,2.4,11.46,South,Red
560,2013,Georgia,176406,155855,139936,527885,49,7.2,39644,51,4.9,68.4,25.7,0.2,3.1,10.55,South,Red
561,2013,Hawaii,17415,0,0,17416,50,7.4,41993,50,6.9,27.4,1.7,0.2,50.3,11.09,South,Blue
562,2013,Idaho,37423,37510,57025,147494,49,7.1,32852,48,7.1,93,0.3,1.7,1.3,9.59,West,Red
563,2013,Illinois,848615,236374,184681,1280613,49,7.3,43295,51,9.4,81.1,10.3,0.2,3.9,11.62,Midwest,Blue
564,2013,Indiana,173553,215778,183676,597124,49,7,34674,51,3.5,89.5,6.5,0.2,1.3,10.41,Midwest,Red
565,2013,Iowa,114907,2132,41371,160062,50,7,35481,51,2.2,95.8,1.5,0.3,1.1,9.59,Midwest,Red
566,2013,Kansas,35236,83208,90424,228105,50,7.2,37362,50,6,90,4.2,0.9,1.7,10.12,Midwest,Red
567,2013,Kentucky,1268713,122316,127608,1578331,50,6.9,34570,51,1.7,91,6.3,0.2,0.9,9.79,South,Red
568,2013,Louisiana,0,144927,167642,353025,NA,NA,NA,NA,NA,NA,NA,NA,NA,0,South,Red
569,2013,Maine,0,38737,50959,96760,52,7.2,33279,51,0.8,96.2,0.7,1,0.6,9.04,Northeast,Blue
570,2013,Maryland,7207,132453,87046,231182,49,7.7,53041,52,5.7,65.8,24.8,0.2,5.3,11.71,South,Blue
571,2013,Massachusetts,143528,61219,40058,251361,49,7.7,49693,52,6.7,85,5.3,0.2,4.9,11.84,Northeast,Red
572,2013,Michigan,200912,136643,155359,503979,50,7.2,36035,50,2.6,86.6,8.7,0.7,1.8,10.81,Midwest,Purple
573,2013,Minnesota,231076,124002,152045,525774,50,7.3,41078,49,2,92.8,2.2,1.1,2.1,10.46,Midwest,Purple
574,2013,Mississippi,8768,83754,100270,231711,50,6.8,30555,53,1.5,64.8,32.8,0.4,0.9,8.91,South,Red
575,2013,Missouri,62745,240764,212607,567009,50,7.1,34843,52,2.1,88.1,8.1,0.4,1.2,10.2,Midwest,Red
576,2013,Montana,16704,39081,59936,137830,51,7.3,35416,50,1.8,91.1,0.2,6.5,0.6,8.47,West,Red
577,2013,Nebraska,56897,1343,31787,91553,49,7.2,37123,50,4.4,93.3,2.4,1,1.1,10.2,Midwest,Red
578,2013,Nevada,25878,59861,48128,146892,50,7,39581,49,18.1,74.3,6.6,2,8.2,11.77,West,Purple
579,2013,New Hampshire,43805,56470,46503,147726,50,7.6,43443,51,1.7,96.2,0.6,0.2,1.6,9.92,Northeast,Purple
580,2013,New Jersey,0,66786,50287,120071,50,7.6,53213,51,12.6,75.6,11.1,0.2,7.5,12.24,Northeast,Blue
581,2013,New Mexico,11997,63923,61320,156333,50,7.1,35717,50,36.9,73.9,1.7,13.1,1.3,9.9,West,Blue
582,2013,New York,28505,108508,202024,353064,49,7.4,45765,52,11.5,74.4,12.1,0.3,6.6,12.56,Northeast,Blue
583,2013,North Carolina,302094,10214,199484,574622,50,7.2,37671,52,4.6,75.3,18.3,1.2,2.1,10.32,South,Red
584,2013,North Dakota,12926,23594,44862,85812,50,7.1,41236,49,1.2,93,0.8,4.1,0.6,9.05,Midwest,Red
585,2013,Ohio,0,358748,266246,680930,50,7.1,36400,51,2.1,87.2,9.3,0.2,1.4,10.88,Midwest,Red
586,2013,Oklahoma,0,163291,154106,380634,49,6.9,34386,50,5.7,76.6,5.5,8.4,1.3,9.94,South,Red
587,2013,Oregon,559,140539,133202,274302,50,7.4,38632,51,6.5,89.2,1.3,1.3,3.5,10.71,West,Blue
588,2013,Pennsylvania,275728,317,765678,1044731,50,7.1,38280,51,3.1,89.6,6.3,0.2,1.9,11.15,Northeast,Purple
589,2013,Rhode Island,0,12800,11128,26666,49,7.4,42922,52,7.7,86.7,4.8,0.3,2.7,11.72,Northeast,Blue
590,2013,South Carolina,102873,110001,90764,335695,51,7.1,35318,52,3,74.3,22.2,0.4,1.2,10.11,South,Red
591,2013,South Dakota,26,31418,53625,92055,50,7,33921,51,1.7,89.4,0.7,7.3,0.6,8.73,Midwest,Red
592,2013,Tennessee,124271,249753,216448,600869,50,7,35930,51,2.7,83.5,12.9,0.3,1.3,10.2,South,Red
593,2013,Texas,277031,598088,568501,1633278,48,7,41877,50,28.3,79.2,10,0.5,3.8,11.17,South,Red
594,2013,Utah,214194,45853,54492,324604,45,7.4,38879,47,8,91.6,0.6,1.2,2.4,10.96,West,Red
595,2013,Vermont,0,15912,18903,36135,50,7.5,36857,51,1.1,97,0.6,0.2,0.8,8.84,Northeast,Blue
596,2013,Virginia,0,257928,229551,498426,49,7.6,49226,50,5.1,75.4,15.9,0.3,5.3,10.91,South,Blue
597,2013,Washington,152569,199142,159388,561122,50,7.5,44212,50,7,83.3,2.6,2,6.5,11.12,West,Blue
598,2013,West Virginia,5602,92387,105814,248952,52,6.7,31959,50,1.2,95,2.9,0.1,0.6,9.11,South,Red
599,2013,Wisconsin,92407,166049,165601,434688,50,7.1,37118,49,2.6,93.3,3.1,0.8,1.2,10.19,Midwest,Red
600,2013,Wyoming,7001,26692,29774,70671,49,7.3,40314,48,6.6,92.1,0.7,3.5,0.6,8.26,West,Red
601,2014,Alabama,204273,178355,170815,621305,51,6.9,34414,52,1.9,74,22.9,0.5,0.8,9.61,South,Red
602,2014,Alaska,2714,35694,39625,87623,44,6.8,39595,47,3.5,56.2,1.4,30.9,5.4,8.74,South,Red
603,2014,Arizona,56033,123375,91086,310672,51,7.2,39654,50,20.5,81.1,3.4,5.9,3,11.3,West,Red
604,2014,Arkansas,48399,60520,82670,234282,51,6.8,32070,51,3.5,83.5,12.7,0.5,0.9,9.26,South,Red
605,2014,California,547611,495962,369009,1474616,49,7.3,47436,49,29.5,65.7,5.2,0.9,15,12.19,West,Blue
606,2014,Colorado,54514,182498,156062,413284,48,7.7,46334,49,13.8,88.6,3.1,0.9,2.5,11.15,West,Blue
607,2014,Connecticut,130334,78637,59470,270297,51,7.7,56417,52,8.9,83.5,7.9,0.2,3.5,11.41,Northeast,Blue
608,2014,Delaware,2468,19310,19271,42950,51,7.4,43334,52,4.9,78.2,15.8,0.6,2.9,11.01,South,Blue
609,2014,Florida,204480,469636,274733,1034546,53,7.3,40469,52,18,81.9,12.2,0.3,2.4,11.46,South,Red
610,2014,Georgia,156469,145921,124217,484580,49,7.2,39857,51,5.3,68.5,25.5,0.2,3,10.55,South,Red
611,2014,Hawaii,15225,0,0,15225,50,7.4,42768,49,7,27.3,1.6,0.2,50.1,11.09,South,Blue
612,2014,Idaho,33730,31731,50879,131742,50,7.1,34138,48,7.2,93.7,0.4,1.6,1.1,9.59,West,Red
613,2014,Illinois,944162,235090,155203,1344096,50,7.4,43882,51,9.8,81.1,10.1,0.2,4.1,11.62,Midwest,Blue
614,2014,Indiana,258993,205212,159207,647550,50,7,35277,51,3.5,89.9,6.4,0.2,1.2,10.41,Midwest,Red
615,2014,Iowa,88110,2130,35314,127022,51,7.1,36328,51,2.7,95.8,1.5,0.3,1.1,9.59,Midwest,Red
616,2014,Kansas,22361,60729,71160,172167,50,7.2,38363,50,5.7,90.2,3.7,0.9,1.8,10.12,Midwest,Red
617,2014,Kentucky,2221902,103090,109069,2492184,50,6.9,34680,51,2,91.1,6.1,0.2,1,9.79,South,Red
618,2014,Louisiana,30,127666,146614,315357,NA,NA,NA,NA,NA,NA,NA,NA,NA,0,South,Red
619,2014,Maine,0,32357,43264,83085,52,7.2,34906,51,1,96.1,0.8,0.6,0.7,9.04,Northeast,Blue
620,2014,Maryland,19079,55012,64067,142207,49,7.8,53369,52,5.8,65.6,24.7,0.2,5.7,11.71,South,Blue
621,2014,Massachusetts,80130,59663,33395,179344,49,7.8,51485,52,6.6,84.8,5.3,0.2,5.2,11.84,Northeast,Red
622,2014,Michigan,177757,110011,125769,424091,51,7.2,36671,50,2.8,86.2,9.1,0.7,1.8,10.81,Midwest,Purple
623,2014,Minnesota,237357,92969,132957,481122,50,7.3,42048,49,2.1,92.6,2.3,1.1,2.2,10.46,Midwest,Purple
624,2014,Mississippi,8266,78174,88191,214829,51,6.8,31280,53,1.8,63.8,33.8,0.4,0.7,8.91,South,Red
625,2014,Missouri,58191,216695,188792,517063,50,7.1,35723,51,2.1,88,8.2,0.4,1.3,10.2,Midwest,Red
626,2014,Montana,11504,32607,55323,121836,51,7.3,36512,49,1.9,91.4,0.4,6,0.6,8.47,West,Red
627,2014,Nebraska,39333,1332,26356,68568,50,7.2,36705,50,4.7,92.6,2.7,1.1,1.3,10.2,Midwest,Red
628,2014,Nevada,21226,48428,35808,116735,50,7.1,39645,49,18.6,73.1,6.9,2.1,8.3,11.77,West,Purple
629,2014,New Hampshire,36823,47546,38906,124677,50,7.6,45470,50,1.8,95.4,1,0.2,1.8,9.92,Northeast,Purple
630,2014,New Jersey,0,49910,40664,92320,50,7.6,54036,51,13,74.6,11.3,0.2,8,12.24,Northeast,Blue
631,2014,New Mexico,8885,58328,52902,139780,51,7.1,35027,50,37,71.7,1.5,15.3,1.3,9.9,West,Blue
632,2014,New York,76653,96738,180565,365427,50,7.4,46701,52,11.6,73.8,12.2,0.4,7,12.56,Northeast,Blue
633,2014,North Carolina,939853,12049,165134,1182349,50,7.2,38105,51,4.9,75.2,18.5,1.3,2,10.32,South,Red
634,2014,North Dakota,8264,18892,38922,70548,50,7.1,43818,48,1.4,93.2,0.7,4.3,0.8,9.05,Midwest,Red
635,2014,Ohio,0,303396,235600,596389,50,7.1,37028,51,2.3,86.9,9.5,0.2,1.5,10.88,Midwest,Red
636,2014,Oklahoma,0,147548,135431,348495,49,6.9,34938,49,5.8,76.3,5.5,8.6,1.4,9.94,South,Red
637,2014,Oregon,538,123605,118887,243044,50,7.4,39356,50,7.1,88.7,1.4,1.4,3.6,10.71,West,Blue
638,2014,Pennsylvania,239166,507888,151566,899241,51,7.2,39076,51,3.2,89.5,6.4,0.2,1.9,11.15,Northeast,Purple
639,2014,Rhode Island,0,10045,8419,20400,50,7.3,42766,52,8.2,87.3,4.6,0.5,2.6,11.72,Northeast,Blue
640,2014,South Carolina,83278,95071,79138,289764,51,7.1,36135,52,3,73.7,22.8,0.4,1.2,10.11,South,Red
641,2014,South Dakota,48,27448,48624,83659,50,7,35562,50,1.6,89.3,0.8,7.2,0.7,8.73,Midwest,Red
642,2014,Tennessee,103268,229718,189845,533394,50,7,36285,51,2.7,82.9,13.4,0.2,1.4,10.2,South,Red
643,2014,Texas,251155,513197,504240,1465992,49,7.1,43272,49,28.4,79.3,10.2,0.5,3.8,11.17,South,Red
644,2014,Utah,172139,33765,47327,263812,46,7.5,40096,47,8.4,91.4,0.7,1.2,2.6,10.96,West,Red
645,2014,Vermont,0,13914,16346,31502,51,7.5,37992,51,1,96.6,0.7,0.3,0.9,8.84,Northeast,Blue
646,2014,Virginia,732,221407,187656,419764,49,7.6,49702,51,5.1,74.7,16.3,0.3,5.5,10.91,South,Blue
647,2014,Washington,132184,167432,130056,482115,50,7.5,45143,50,7,82.8,2.6,2,7.1,11.12,West,Blue
648,2014,West Virginia,11412,76988,89577,221847,52,6.7,31967,51,0.9,95,3.1,0.2,0.6,9.11,South,Red
649,2014,Wisconsin,52710,125208,144916,334308,51,7.1,37268,50,2.7,93,3,0.9,1.4,10.19,Midwest,Red
650,2014,Wyoming,7046,21655,27169,63063,49,7.2,39858,49,6,91.5,0.7,4.1,0.8,8.26,West,Red
651,2015,Alabama,246203,243734,176075,737509,52,6.9,36139,51,1.9,74.1,22.6,0.5,0.9,9.61,South,Red
652,2015,Alaska,2682,37086,36372,85621,45,6.8,41168,47,3.6,56.4,2,29.5,5.3,8.74,South,Red
653,2015,Arizona,47873,148400,93155,331442,51,7.3,41080,50,21.1,80.9,3.4,5.6,3,11.3,West,Red
654,2015,Arkansas,55516,77394,83097,257346,52,6.8,33795,51,3.5,83.4,12.4,0.6,1.2,9.26,South,Red
655,2015,California,873632,477822,343127,1761079,49,7.3,49610,49,29.7,65.2,5.2,0.9,15.1,12.19,West,Blue
656,2015,Colorado,48739,216791,163128,454062,49,7.8,48596,49,13.7,88.9,2.7,0.9,2.8,11.15,West,Blue
657,2015,Connecticut,133565,123507,48350,307750,51,7.8,58268,52,9.5,83.9,7.5,0.3,3.6,11.41,Northeast,Blue
658,2015,Delaware,4520,23245,20043,50416,52,7.5,44855,52,4.8,77.7,15.7,0.5,3.5,11.01,South,Blue
659,2015,Florida,201131,572020,277768,1147082,53,7.4,42572,52,18.4,81.8,12,0.3,2.4,11.46,South,Red
660,2015,Georgia,192809,189445,126520,566946,49,7.3,41987,51,5.4,68,25.5,0.2,3.2,10.55,South,Red
661,2015,Hawaii,15266,0,0,15290,50,7.5,45379,48,6.8,27.7,1.7,0.3,49.2,11.09,South,Blue
662,2015,Idaho,29029,39024,53450,136946,50,7.1,35764,49,7,93.5,0.3,1.8,1,9.59,West,Red
663,2015,Illinois,838018,252978,146878,1247398,50,7.4,45962,50,10.1,81.3,9.9,0.2,4.1,11.62,Midwest,Blue
664,2015,Indiana,639313,249169,160378,1076917,50,7,36799,50,3.9,89.3,6.7,0.2,1.3,10.41,Midwest,Red
665,2015,Iowa,108952,2678,34192,147309,51,7.1,37927,51,2.6,95.3,1.8,0.3,1,9.59,Midwest,Red
666,2015,Kansas,19880,76665,69909,185859,50,7.3,40225,50,6.1,90,3.7,1,1.9,10.12,Midwest,Red
667,2015,Kentucky,2923972,128700,109642,3218371,50,6.9,37267,51,1.7,90.9,6.1,0.3,1.1,9.79,South,Red
668,2015,Louisiana,25638,163856,140651,372613,NA,NA,NA,NA,NA,NA,NA,NA,NA,0,South,Red
669,2015,Maine,3780,42604,41198,94744,52,7.2,35530,50,1.2,95.8,0.7,0.8,0.7,9.04,Northeast,Blue
670,2015,Maryland,19122,37088,65102,125694,50,7.8,55886,52,5.8,65.2,24.8,0.3,5.5,11.71,South,Blue
671,2015,Massachusetts,60526,65841,34145,167285,49,7.8,52684,52,7.4,84.3,5.4,0.2,5.4,11.84,Northeast,Red
672,2015,Michigan,217034,141689,126919,500921,51,7.2,38591,50,2.9,86.3,9,0.6,1.9,10.81,Midwest,Purple
673,2015,Minnesota,253341,110200,136831,519244,50,7.3,43426,49,2.1,92.6,2.3,1,2.2,10.46,Midwest,Purple
674,2015,Mississippi,10652,109994,90161,252372,51,6.9,33008,53,1.6,64.1,33.4,0.5,0.9,8.91,South,Red
675,2015,Missouri,85663,253977,186718,584875,50,7.1,37916,51,2.4,88,8.2,0.4,1.4,10.2,Midwest,Red
676,2015,Montana,12831,35977,57550,127705,52,7.3,38673,49,2.1,90.9,0.4,5.8,0.4,8.47,West,Red
677,2015,Nebraska,49150,1809,26998,79340,50,7.2,39735,50,4.6,93.3,2.7,0.9,1.2,10.2,Midwest,Red
678,2015,Nevada,25057,56978,34316,127480,50,7.1,41779,49,18.9,73.5,6.9,1.9,8.4,11.77,West,Purple
679,2015,New Hampshire,41217,55003,38243,136816,51,7.6,46522,51,2,95.1,1,0.2,1.9,9.92,Northeast,Purple
680,2015,New Jersey,0,47849,40533,90034,50,7.6,56199,51,12.8,75,11,0.2,8.2,12.24,Northeast,Blue
681,2015,New Mexico,8917,65666,52235,147912,51,7.1,36851,51,37.5,72.1,1.4,14.9,1.3,9.9,West,Blue
682,2015,New York,39889,107532,184216,346048,50,7.5,49107,51,11.8,73.5,12.2,0.4,7.2,12.56,Northeast,Blue
683,2015,North Carolina,285468,15243,166991,531876,51,7.3,40095,51,4.9,75.4,18.2,1.3,2.1,10.32,South,Red
684,2015,North Dakota,7315,20610,36980,69429,50,7.2,44727,48,1.3,92.6,0.8,4.1,0.8,9.05,Midwest,Red
685,2015,Ohio,95332,357374,233793,748502,50,7.1,38775,51,2.3,86.9,9.3,0.2,1.6,10.88,Midwest,Red
686,2015,Oklahoma,0,165875,127273,359276,49,6.9,36777,49,5.8,76.1,5.5,8.3,1.6,9.94,South,Red
687,2015,Oregon,553,150194,125378,276126,50,7.5,40988,50,7.2,88.7,1.3,1.4,3.7,10.71,West,Blue
688,2015,Pennsylvania,267623,601164,118232,993429,51,7.2,40660,51,3.2,89.2,6.4,0.1,2.2,11.15,Northeast,Purple
689,2015,Rhode Island,0,11274,8402,22129,50,7.4,44481,53,8.5,87.8,4.5,0.3,2.2,11.72,Northeast,Blue
690,2015,South Carolina,86351,121972,85004,326997,51,7.2,37669,52,3.1,74.2,22.1,0.4,1.3,10.11,South,Red
691,2015,South Dakota,8928,32317,50323,100268,50,7.1,37691,49,1.6,90.5,0.7,6.3,0.7,8.73,Midwest,Red
692,2015,Tennessee,141621,300767,198386,654192,50,7,38551,51,2.8,83.7,12.8,0.3,1.3,10.2,South,Red
693,2015,Texas,268158,617174,486807,1574266,49,7.1,45389,49,28.9,79.2,9.9,0.5,4,11.17,South,Red
694,2015,Utah,149612,41687,49217,254814,46,7.4,41027,48,8.5,91.4,0.7,1.4,2.4,10.96,West,Red
695,2015,Vermont,0,16353,16694,34588,51,7.6,40855,50,1.5,96.6,0.8,0.3,0.8,8.84,Northeast,Blue
696,2015,Virginia,6028,262120,184030,462997,49,7.7,51190,51,5.7,74.6,15.8,0.3,5.6,10.91,South,Blue
697,2015,Washington,126583,183549,129667,502280,50,7.6,47543,49,7.6,82.1,2.6,1.9,7.3,11.12,West,Blue
698,2015,West Virginia,31534,88627,85883,249014,52,6.8,33536,51,1,95.3,2.7,0.1,0.8,9.11,South,Red
699,2015,Wisconsin,65241,155285,149264,383280,51,7.1,39364,50,3,93.2,2.9,0.9,1.3,10.19,Midwest,Red
700,2015,Wyoming,6674,22374,26264,62339,50,7.3,44092,48,4.8,92.2,0.6,4,0.8,8.26,West,Red
701,2016,Alabama,291039,153123,121963,616947,52,7,37763,52,2.1,74.6,22.1,0.5,1,9.61,South,Red
702,2016,Alaska,3121,37491,36887,87647,44,6.8,39324,47,3.5,55.2,1.5,32.2,5.3,8.74,South,Red
703,2016,Arizona,87771,166784,108988,416279,51,7.3,42167,50,21.1,79.7,3.5,5.6,3.2,11.3,West,Red
704,2016,Arkansas,55456,80244,82120,266014,51,6.9,34998,51,3.8,82.8,12.4,0.6,1.1,9.26,South,Red
705,2016,California,1036981,560355,554550,2377167,49,7.4,51597,49,30,64.3,5.1,0.9,15.4,12.19,West,Blue
706,2016,Colorado,85087,242502,180026,540514,49,7.9,49564,49,13.9,88.4,3,0.8,2.9,11.15,West,Blue
707,2016,Connecticut,148949,122375,43813,317692,51,7.8,59853,51,9.6,83.2,8,0.3,3.7,11.41,Northeast,Blue
708,2016,Delaware,8440,25574,21746,59430,52,7.5,47385,52,4.9,78.2,15.6,0.5,3,11.01,South,Blue
709,2016,Florida,337086,662308,316232,1435340,53,7.4,43539,51,18.9,81.8,11.9,0.3,2.5,11.46,South,Red
710,2016,Georgia,233115,194800,128277,612985,50,7.3,43235,51,5.7,67.7,25.5,0.3,3.3,10.55,South,Red
711,2016,Hawaii,16627,0,0,16681,50,7.6,46870,49,7.1,27.5,1.5,0.2,49.4,11.09,South,Blue
712,2016,Idaho,38086,46523,55591,156343,50,7.2,36969,49,7.3,93,0.5,1.7,1.1,9.59,West,Red
713,2016,Illinois,962930,352411,177255,1924070,50,7.4,46790,51,10.1,80.6,10.1,0.2,4.3,11.62,Midwest,Blue
714,2016,Indiana,946912,278182,177218,1436725,50,7,38042,50,4.1,89.4,6.2,0.3,1.4,10.41,Midwest,Red
715,2016,Iowa,161841,2790,35254,202277,51,7.1,38745,50,2.8,95.2,1.7,0.3,1.1,9.59,Midwest,Red
716,2016,Kansas,19402,81116,73748,196548,50,7.3,40081,50,6.2,90.1,3.8,0.9,1.8,10.12,Midwest,Red
717,2016,Kentucky,3372613,140721,109030,3676847,50,7,38584,51,1.9,90.8,6.3,0.2,1.1,9.79,South,Red
718,2016,Louisiana,35141,171588,139122,391869,NA,NA,NA,NA,NA,NA,NA,NA,NA,0,South,Red
719,2016,Maine,6986,48845,46780,111582,52,7.3,38101,50,0.9,96.2,0.7,0.8,0.8,9.04,Northeast,Blue
720,2016,Maryland,36025,52305,71892,165367,50,7.8,56484,52,6.1,65.4,24.6,0.2,5.6,11.71,South,Blue
721,2016,Massachusetts,97516,75977,41931,226212,49,7.9,54294,52,7.6,84.4,5.5,0.2,5.3,11.84,Northeast,Red
722,2016,Michigan,251162,164878,129089,579605,51,7.2,39929,50,3.2,86.2,8.7,0.6,2,10.81,Midwest,Purple
723,2016,Minnesota,350315,133962,143543,651599,50,7.4,44966,49,2.3,92,2.5,1.1,2.3,10.46,Midwest,Purple
724,2016,Mississippi,22564,119050,92822,276161,51,6.9,34691,53,1.8,64.8,32.7,0.5,0.7,8.91,South,Red
725,2016,Missouri,90972,274754,202708,632319,50,7.2,38982,50,2.5,87.7,8.3,0.4,1.5,10.2,Midwest,Red
726,2016,Montana,20512,37547,56834,136337,52,7.4,38559,49,2,90.7,0.3,6.4,0.4,8.47,West,Red
727,2016,Nebraska,58386,1717,26494,88663,50,7.3,39912,50,4.8,92.5,2.6,0.9,1.3,10.2,Midwest,Red
728,2016,Nevada,30950,66158,38105,147992,50,7.1,43152,49,18.9,72,7.3,2,9.1,11.77,West,Purple
729,2016,New Hampshire,48347,68529,44681,165164,51,7.7,47462,50,1.9,95.6,0.8,0.2,1.7,9.92,Northeast,Purple
730,2016,New Jersey,0,70249,49099,121853,51,7.7,58006,51,13.5,75.4,10.5,0.2,8.4,12.24,Northeast,Blue
731,2016,New Mexico,14149,69434,55664,161216,51,7.2,36988,51,37,71.4,1.7,15.3,1.3,9.9,West,Blue
732,2016,New York,49646,133285,197670,404772,50,7.5,50320,51,11.8,73.2,12.2,0.3,7.5,12.56,Northeast,Blue
733,2016,North Carolina,345364,16595,176919,601445,51,7.3,41567,51,4.9,75,18.3,1.3,2.3,10.32,South,Red
734,2016,North Dakota,13240,19975,34013,72036,50,7.2,44786,48,1.5,92.5,0.9,3.7,0.8,9.05,Midwest,Red
735,2016,Ohio,167449,394570,243963,875724,51,7.2,40190,51,2.3,86.8,9.4,0.1,1.5,10.88,Midwest,Red
736,2016,Oklahoma,0,166181,130514,364590,50,7,36661,49,6.1,76.1,5.3,8.4,1.5,9.94,South,Red
737,2016,Oregon,2903,178716,143029,324708,50,7.5,42960,50,7.3,87.9,1.4,1.5,3.8,10.71,West,Blue
738,2016,Pennsylvania,333755,642232,158141,1143220,51,7.3,41742,51,3.4,89.3,6.1,0.2,2.2,11.15,Northeast,Purple
739,2016,Rhode Island,0,14262,10204,27758,50,7.5,45873,52,9.1,87,4.4,0.3,2.8,11.72,Northeast,Blue
740,2016,South Carolina,149428,132473,87413,402978,51,7.2,39531,52,3.3,74.1,22,0.4,1.4,10.11,South,Red
741,2016,South Dakota,16279,36520,49522,111921,50,7.2,38831,49,1.9,88.9,1.2,7.3,0.9,8.73,Midwest,Red
742,2016,Tennessee,106082,319169,210161,714774,51,7.1,39521,51,3,83.7,12.5,0.3,1.4,10.2,South,Red
743,2016,Texas,390462,637476,481609,1721726,49,7.1,45935,49,29.3,78.8,9.9,0.5,4.3,11.17,South,Red
744,2016,Utah,178393,47401,54133,294907,45,7.5,42478,48,8.1,90.9,0.7,1.2,2.7,10.96,West,Red
745,2016,Vermont,0,18320,18853,39417,51,7.6,40757,51,1,96.6,0.7,0.4,0.8,8.84,Northeast,Blue
746,2016,Virginia,9817,295963,209975,528369,49,7.7,52832,51,5.7,74.6,15.6,0.3,5.8,10.91,South,Blue
747,2016,Washington,268274,214106,151029,713996,50,7.6,49175,49,7.5,81.4,2.7,2,7.6,11.12,West,Blue
748,2016,West Virginia,26806,92124,81105,242350,52,6.9,35225,51,1.2,94.8,3,0.1,0.7,9.11,South,Red
749,2016,Wisconsin,199431,186300,159784,561819,51,7.2,40426,49,2.9,92.9,3,0.9,1.3,10.19,Midwest,Red
750,2016,Wyoming,7938,22569,25815,63594,50,7.3,40346,48,6.2,92.1,0.7,3.9,0.8,8.26,West,Red
751,2017,Alabama,253338,97751,86210,477345,52,7.1,38341,51,2.1,75,21.6,0.5,1.1,9.61,South,Red
752,2017,Alaska,2923,34556,32648,80839,45,6.9,40828,47,3.7,55,1.6,30.7,5.4,8.74,South,Red
753,2017,Arizona,81734,153522,99248,384930,51,7.3,43611,49,21.5,80.1,3.3,6.1,3.4,11.3,West,Red
754,2017,Arkansas,39473,72100,76765,237629,51,6.9,35452,51,4.1,82.2,12.1,0.6,1.4,9.26,South,Red
755,2017,California,689851,512465,318133,1570110,49,7.4,53714,49,29.9,63.7,5.1,1,15.8,12.19,West,Blue
756,2017,Colorado,68665,229708,166994,496995,48,7.9,51591,49,14,88.2,2.8,1,3,11.15,West,Blue
757,2017,Connecticut,77904,71853,25866,181779,51,7.8,60956,51,10,83.2,7.8,0.3,3.8,11.41,Northeast,Blue
758,2017,Delaware,5984,22308,18415,50639,52,7.6,51152,52,5.3,78.7,14.7,0.4,3.5,11.01,South,Blue
759,2017,Florida,236486,638938,278618,1276549,53,7.4,45120,51,19.3,81.9,11.5,0.3,2.7,11.46,South,Red
760,2017,Georgia,202407,172447,113882,541655,49,7.4,45055,51,6,68.2,24.9,0.4,3.3,10.55,South,Red
761,2017,Hawaii,12712,0,0,12742,51,7.6,48181,49,6.9,27.6,1.4,0.2,49.2,11.09,South,Blue
762,2017,Idaho,65533,44939,55018,182099,50,7.2,37752,48,7.2,92.9,0.4,1.8,1.2,9.59,West,Red
763,2017,Illinois,182719,282267,142550,1601087,50,7.5,48482,50,10.4,80.8,9.7,0.2,4.4,11.62,Midwest,Blue
764,2017,Indiana,389171,249127,156718,830357,50,7.1,38652,50,3.8,89.3,6.5,0.2,1.5,10.41,Midwest,Red
765,2017,Iowa,107424,2376,32328,160981,51,7.2,39480,50,3,94.9,1.7,0.4,1.3,9.59,Midwest,Red
766,2017,Kansas,28391,73959,66850,191451,50,7.4,40505,50,7,89.6,3.8,0.9,1.9,10.12,Midwest,Red
767,2017,Kentucky,4362693,127240,99223,4641480,50,7.1,38978,51,2.1,91.3,5.7,0.2,1.2,9.79,South,Red
768,2017,Louisiana,28709,138975,118492,329201,NA,NA,NA,NA,NA,NA,NA,NA,NA,0,South,Red
769,2017,Maine,8119,40485,39720,96590,52,7.4,38493,50,1.1,95.3,0.9,1,0.9,9.04,Northeast,Blue
770,2017,Maryland,34365,51873,66023,158659,50,7.9,58534,52,6.7,64.8,23.8,0.3,6.1,11.71,South,Blue
771,2017,Massachusetts,96467,66966,34448,206492,49,7.9,56976,52,7.7,84.6,5.5,0.1,5.4,11.84,Northeast,Red
772,2017,Michigan,232407,141062,125413,513243,51,7.3,41524,50,3,86.3,8.5,0.6,2.2,10.81,Midwest,Purple
773,2017,Minnesota,443975,94383,125512,683544,50,7.5,46211,49,2.5,91.4,2.7,1.2,2.4,10.46,Midwest,Purple
774,2017,Mississippi,21615,103312,84199,251852,51,7,35033,53,1.8,64.4,32.8,0.5,0.9,8.91,South,Red
775,2017,Missouri,10144,252709,196933,524973,50,7.2,40328,51,2.6,88.2,7.5,0.4,1.6,10.2,Midwest,Red
776,2017,Montana,17059,34444,51763,123938,51,7.4,39122,49,2.2,90.6,0.5,5.7,0.6,8.47,West,Red
777,2017,Nebraska,45865,1669,24473,74318,50,7.3,40736,50,5.1,92.2,2.7,1.1,1.5,10.2,Midwest,Red
778,2017,Nevada,26831,57524,32903,129622,50,7.2,45110,49,19.9,70.8,7.2,2.1,9.2,11.77,West,Purple
779,2017,New Hampshire,26602,62280,36962,129090,51,7.7,49033,50,2,95.2,0.9,0.2,2.2,9.92,Northeast,Purple
780,2017,New Jersey,0,58989,42432,103739,51,7.8,60399,51,13.8,75.3,10,0.2,8.8,12.24,Northeast,Blue
781,2017,New Mexico,13493,70791,53472,159779,52,7.2,38173,51,37.1,73.1,1.6,15,1.3,9.9,West,Blue
782,2017,New York,34301,124253,181692,382495,50,7.6,52175,51,12.1,73,11.9,0.4,7.8,12.56,Northeast,Blue
783,2017,North Carolina,299025,18131,158597,537813,51,7.4,42679,52,5.1,75.8,17.5,1.3,2.3,10.32,South,Red
784,2017,North Dakota,11712,19693,30691,66977,50,7.3,44263,49,2.1,92.4,1.2,4,0.6,9.05,Midwest,Red
785,2017,Ohio,141773,332879,213760,753072,50,7.2,41074,51,2.3,87.1,8.9,0.2,1.7,10.88,Midwest,Red
786,2017,Oklahoma,0,144736,121829,334351,49,7,36712,49,6.4,76,5.3,8.6,1.7,9.94,South,Red
787,2017,Oregon,38968,168938,131568,341167,51,7.6,44213,50,7.5,88.4,1.4,1.2,3.9,10.71,West,Blue
788,2017,Pennsylvania,316614,566320,168472,1062651,51,7.3,43439,51,3.5,89.2,6.2,0.1,2.4,11.15,Northeast,Purple
789,2017,Rhode Island,0,12959,8154,24677,50,7.5,47827,53,8.7,87.4,4.2,0.4,3,11.72,Northeast,Blue
790,2017,South Carolina,148381,123035,80375,396920,51,7.3,40640,52,3.5,74.4,21.6,0.4,1.3,10.11,South,Red
791,2017,South Dakota,13580,31493,44147,98573,49,7.1,38903,49,1.7,89.5,0.9,7.1,0.8,8.73,Midwest,Red
792,2017,Tennessee,259782,303513,187974,767953,51,7.2,41277,51,3.2,84.1,12.2,0.2,1.5,10.2,South,Red
793,2017,Texas,317766,577417,443142,1549434,49,7.2,47273,49,29.2,78.7,9.7,0.6,4.5,11.17,South,Red
794,2017,Utah,161939,45085,49570,270477,45,7.6,43141,48,8.4,90.6,0.8,1.2,2.7,10.96,West,Red
795,2017,Vermont,0,17599,17825,37610,51,7.7,42006,50,1.5,96.2,0.7,0.3,1,8.84,Northeast,Blue
796,2017,Virginia,11835,292199,198004,520827,49,7.8,54678,51,5.9,74.9,15.1,0.4,5.8,10.91,South,Blue
797,2017,Washington,159260,198632,138087,579678,50,7.6,51480,49,7.5,81.2,2.7,1.8,7.9,11.12,West,Blue
798,2017,West Virginia,25259,79813,76655,222768,52,6.9,34865,50,1,94.9,3.1,0.1,0.7,9.11,South,Red
799,2017,Wisconsin,182395,171610,155995,526523,51,7.3,41657,50,2.9,93,2.9,0.9,1.4,10.19,Midwest,Red
800,2017,Wyoming,4450,20155,22878,54711,49,7.3,42077,49,6.6,91,0.6,4.3,1,8.26,West,Red
801,2018,Alabama,271958,84187,81930,474294,52,7.1,39838,51,2.3,76,20.5,0.4,1,9.61,South,Red
802,2018,Alaska,2803,32193,32217,78761,46,7,42962,47,4.2,58.4,1.8,27.6,5.2,8.74,South,Red
803,2018,Arizona,83230,147612,92265,377838,51,7.4,44736,50,21.4,80.9,3.6,5.3,3.2,11.3,West,Red
804,2018,Arkansas,57824,66321,72975,248439,51,6.9,37203,51,4.3,84.1,10.8,0.6,1.2,9.26,South,Red
805,2018,California,497069,433106,312752,1297132,49,7.5,56464,50,29.9,63.9,4.9,1,16.1,12.19,West,Blue
806,2018,Colorado,112566,216617,160860,524770,49,8,53647,49,13.7,88.7,2.6,0.8,3,11.15,West,Blue
807,2018,Connecticut,80559,60630,24573,177690,51,7.8,63392,51,10.5,83.1,7.7,0.3,3.8,11.41,Northeast,Blue
808,2018,Delaware,4947,18953,18342,47723,53,7.5,48275,52,5.7,78.7,15.1,0.5,3,11.01,South,Blue
809,2018,Florida,225353,590140,241875,1203145,53,7.5,47191,51,20,82.3,10.9,0.3,2.5,11.46,South,Red
810,2018,Georgia,231354,157027,106200,549532,50,7.4,46967,51,5.9,68.5,24.3,0.3,3.7,10.55,South,Red
811,2018,Hawaii,14046,0,0,14088,51,7.6,49038,50,7.6,27,1.8,0.3,48.8,11.09,South,Blue
812,2018,Idaho,88100,45993,54746,207320,50,7.2,39551,48,7.2,92.8,0.5,1.7,1.2,9.59,West,Red
813,2018,Illinois,190991,259554,133987,2831447,50,7.5,50357,51,10.2,81.6,9.3,0.2,4.4,11.62,Midwest,Blue
814,2018,Indiana,474341,224264,147222,896148,50,7.1,40304,50,4.1,89.2,6.2,0.2,1.6,10.41,Midwest,Red
815,2018,Iowa,98568,1901,30444,189159,51,7.2,40395,50,2.9,95.2,1.5,0.3,1.3,9.59,Midwest,Red
816,2018,Kansas,20530,65870,61798,172047,50,7.3,41979,49,6.5,89.4,3.9,1,2,10.12,Midwest,Red
817,2018,Kentucky,4655016,112323,93157,4912441,50,7.1,40224,50,2.2,91.2,5.6,0.2,1.2,9.79,South,Red
818,2018,Louisiana,32047,121441,108625,307192,NA,NA,NA,NA,NA,NA,NA,NA,NA,0,South,Red
819,2018,Maine,7341,37050,39774,93360,53,7.3,38657,50,1.1,95.8,0.8,0.7,0.9,9.04,Northeast,Blue
820,2018,Maryland,31341,52671,61200,151470,50,7.9,60787,52,6.5,64.8,23.9,0.2,6,11.71,South,Blue
821,2018,Massachusetts,116282,53039,32848,211295,49,8,59116,52,7.5,83.9,5.4,0.2,5.9,11.84,Northeast,Red
822,2018,Michigan,234325,123070,116531,489957,51,7.3,42639,50,3.1,86.7,8.1,0.7,2.2,10.81,Midwest,Purple
823,2018,Minnesota,351809,62516,104299,604078,51,7.5,46988,49,2.4,92,2.5,1.1,2.4,10.46,Midwest,Purple
824,2018,Mississippi,27727,95091,79852,247278,52,7.1,36539,53,1.9,65.8,31.2,0.5,1.1,8.91,South,Red
825,2018,Missouri,15177,224305,185305,496184,51,7.2,41191,50,2.4,88.9,7.2,0.4,1.5,10.2,Midwest,Red
826,2018,Montana,14854,32778,48867,117607,52,7.4,40691,48,2,92,0.2,5,0.5,8.47,West,Red
827,2018,Nebraska,48582,1461,22404,74477,50,7.3,41646,50,5.4,92.2,2.4,0.9,1.6,10.2,Midwest,Red
828,2018,Nevada,28924,54925,30973,127434,50,7.2,46855,49,19.9,70.4,7.3,2.1,9.3,11.77,West,Purple
829,2018,New Hampshire,19580,59794,37642,120889,51,7.7,50274,50,2.4,95,1,0.2,1.9,9.92,Northeast,Purple
830,2018,New Jersey,0,51074,39488,93124,51,7.8,62658,51,13,75,10.1,0.3,8.9,12.24,Northeast,Blue
831,2018,New Mexico,11758,68549,52931,156853,52,7.2,39706,51,36,73.5,1.8,14.8,1.6,9.9,West,Blue
832,2018,New York,34512,108936,164530,358614,50,7.6,53595,51,12,73.2,11.6,0.4,8,12.56,Northeast,Blue
833,2018,North Carolina,303492,17932,145649,529916,51,7.4,44111,51,5.5,75.7,17,1.4,2.5,10.32,South,Red
834,2018,North Dakota,7793,18332,31083,62334,50,7.3,47031,47,1.8,91.7,1.1,4.2,1,9.05,Midwest,Red
835,2018,Ohio,179879,277027,196827,717475,50,7.3,42747,51,2.4,87.3,8.8,0.2,1.7,10.88,Midwest,Red
836,2018,Oklahoma,12325,135474,113538,332291,50,7,38407,50,6.6,75.9,5.4,8.7,1.5,9.94,South,Red
837,2018,Oregon,61444,166211,128724,359682,50,7.6,46605,50,7.6,88.2,1.4,1.3,3.8,10.71,West,Blue
838,2018,Pennsylvania,305451,534653,169869,1021943,51,7.3,44133,51,3.8,89.2,5.9,0.1,2.3,11.15,Northeast,Purple
839,2018,Rhode Island,0,12252,8477,25030,51,7.6,49059,52,8.2,87.5,4.4,0.3,3,11.72,Northeast,Blue
840,2018,South Carolina,57252,111804,73595,280749,51,7.3,41523,52,3.6,74.9,20.7,0.4,1.5,10.11,South,Red
841,2018,South Dakota,12494,27838,41718,90693,50,7.2,40033,50,2.4,89.7,0.9,7.2,0.8,8.73,Midwest,Red
842,2018,Tennessee,205089,290067,179432,694101,50,7.2,42350,51,3.3,84.5,11.7,0.2,1.4,10.2,South,Red
843,2018,Texas,420120,523406,403127,1571632,49,7.3,48781,50,29.3,79.1,9.4,0.6,4.5,11.17,South,Red
844,2018,Utah,190570,42347,47000,295858,45,7.6,45599,48,8.2,90.4,0.8,1.2,2.9,10.96,West,Red
845,2018,Vermont,2,18532,19745,41550,52,7.7,43373,50,1.6,96.5,0.6,0.3,1.1,8.84,Northeast,Blue
846,2018,Virginia,18450,253744,168859,476760,49,7.8,57221,51,6.1,75,14.8,0.3,6,10.91,South,Blue
847,2018,Washington,177654,202826,148345,627301,50,7.7,54015,49,7.8,80.9,2.7,1.8,8.1,11.12,West,Blue
848,2018,West Virginia,52481,75539,76310,241678,53,6.9,36470,50,1,95,3.1,0.1,0.6,9.11,South,Red
849,2018,Wisconsin,131991,155441,145652,452520,51,7.3,42945,49,3,93.1,2.8,0.8,1.4,10.19,Midwest,Red
850,2018,Wyoming,6007,21617,24978,60150,51,7.3,44685,49,6.5,91,0.5,4.9,0.7,8.26,West,Red
851,2019,Alabama,348147,160667,120258,690084,52,7.1,40835,52,2.2,75.9,20.7,0.4,1.1,9.61,South,Red
852,2019,Alaska,2579,31943,31090,76923,46,7.1,45150,47,3.9,59.4,2,27.5,4.5,8.74,South,Red
853,2019,Arizona,68547,158864,89182,372912,51,7.5,47975,50,20.4,81.9,3.4,5,3.1,11.3,West,Red
854,2019,Arkansas,35865,68549,68773,221344,52,7,38371,51,4.1,84.3,11.2,0.5,1.2,9.26,South,Red
855,2019,California,431844,432239,299161,1240632,50,7.5,60639,49,29.4,63.6,4.8,0.9,16.8,12.19,West,Blue
856,2019,Colorado,75319,210909,147663,469535,49,8,57683,49,13.3,88.8,2.6,0.8,3.1,11.15,West,Blue
857,2019,Connecticut,78974,58808,22410,172935,52,7.9,67002,51,10.4,83.3,7.2,0.2,4.1,11.41,Northeast,Blue
858,2019,Delaware,4501,20228,16949,46427,53,7.6,53255,51,5.6,78.5,14.7,0.4,3.2,11.01,South,Blue
859,2019,Florida,202456,608924,225560,1195539,54,7.5,49781,51,19.5,82.5,10.7,0.2,2.6,11.46,South,Red
860,2019,Georgia,222456,162135,102665,539113,50,7.4,49741,51,5.9,69.3,23.7,0.3,3.6,10.55,South,Red
861,2019,Hawaii,12624,0,0,12666,52,7.6,51842,50,7.1,27.7,1.6,0.3,49.7,11.09,South,Blue
862,2019,Idaho,85366,50565,54904,209275,50,7.3,41395,48,7.7,92.4,0.4,1.4,1.3,9.59,West,Red
863,2019,Illinois,166970,248616,119357,4949570,51,7.6,53689,50,10.2,81.8,9,0.2,4.5,11.62,Midwest,Blue
864,2019,Indiana,227637,228087,140126,1450565,50,7.1,42847,50,4,89.8,5.7,0.2,1.7,10.41,Midwest,Red
865,2019,Iowa,64525,2098,28752,182802,51,7.2,42556,50,3.2,95.2,1.7,0.3,1.2,9.59,Midwest,Red
866,2019,Kansas,18691,66735,58576,167010,51,7.4,43645,50,6.2,89.8,3.7,0.8,1.9,10.12,Midwest,Red
867,2019,Kentucky,1782427,126820,90486,4120892,51,7.1,42494,51,2.4,91.2,5.6,0.1,1.3,9.79,South,Red
868,2019,Louisiana,22367,119091,100417,282264,NA,NA,NA,NA,NA,NA,NA,NA,NA,0,South,Red
869,2019,Maine,6287,36250,39112,90626,53,7.4,40404,50,1.3,95.8,0.9,0.8,1,9.04,Northeast,Blue
870,2019,Maryland,40927,43180,58776,148813,51,7.9,63707,52,6.5,65.9,23,0.2,6.1,11.71,South,Blue
871,2019,Massachusetts,123086,50515,29507,212316,49,8,62737,51,7.4,83.6,5.3,0.2,6.3,11.84,Northeast,Red
872,2019,Michigan,218541,126582,115256,492171,51,7.4,44819,50,2.9,87.1,7.9,0.6,2.2,10.81,Midwest,Purple
873,2019,Minnesota,129788,105932,125236,682356,51,7.5,49516,49,2.4,92.2,2.1,1,2.4,10.46,Midwest,Purple
874,2019,Mississippi,20766,97345,77832,238388,52,7,37922,52,2,66.6,30.4,0.5,1,8.91,South,Red
875,2019,Missouri,33222,218453,177538,497858,51,7.3,43480,51,2.6,88.9,7.2,0.4,1.5,10.2,Midwest,Red
876,2019,Montana,14417,34421,46904,115823,53,7.4,42753,49,2.3,92.3,0.3,4.8,0.5,8.47,West,Red
877,2019,Nebraska,43394,1269,21167,68236,51,7.4,43806,50,5.3,92.2,2.6,1.2,1.4,10.2,Midwest,Red
878,2019,Nevada,26028,58284,30822,128312,51,7.3,48917,49,20,71.5,7.1,1.9,9.3,11.77,West,Purple
879,2019,New Hampshire,15050,58376,33578,112173,52,7.8,53001,51,2.2,95.5,1,0.2,1.7,9.92,Northeast,Purple
880,2019,New Jersey,0,48969,38355,91257,51,7.9,66709,51,13.4,74.9,9.8,0.2,9.5,12.24,Northeast,Blue
881,2019,New Mexico,10290,74072,48752,156829,52,7.3,42378,51,37.6,73.7,1.7,12.8,1.8,9.9,West,Blue
882,2019,New York,39598,103076,157218,355374,51,7.6,57754,51,11.7,73.4,11.2,0.3,8.2,12.56,Northeast,Blue
883,2019,North Carolina,299605,19788,143998,530365,51,7.5,46411,51,5.5,76.4,16.5,1.3,2.4,10.32,South,Red
884,2019,North Dakota,4406,19291,31358,60389,50,7.3,49340,48,2.4,92.3,1.1,4,0.9,9.05,Midwest,Red
885,2019,Ohio,140046,264798,174645,638495,51,7.3,44836,50,2.5,87.7,8.4,0.2,1.6,10.88,Midwest,Red
886,2019,Oklahoma,41455,145542,104379,360043,51,7,40921,50,6.4,76.4,5.1,8.9,1.7,9.94,South,Red
887,2019,Oregon,60616,166667,120905,357700,51,7.6,48308,50,7.6,88.2,1.3,1.3,3.9,10.71,West,Blue
888,2019,Pennsylvania,273455,529408,172869,987886,52,7.3,47127,50,3.5,89.6,5.7,0.1,2.3,11.15,Northeast,Purple
889,2019,Rhode Island,0,11698,7885,24338,51,7.6,52062,52,8.1,87.5,4.1,0.3,2.8,11.72,Northeast,Blue
890,2019,South Carolina,96772,121053,72037,328221,52,7.4,44724,52,3.4,75.7,19.9,0.4,1.5,10.11,South,Red
891,2019,South Dakota,7529,29458,40012,85426,51,7.2,41491,49,1.9,90.9,0.9,5.7,1,8.73,Midwest,Red
892,2019,Tennessee,144554,295844,174389,635313,51,7.2,44450,51,3.3,84.9,11.3,0.2,1.5,10.2,South,Red
893,2019,Texas,348122,554577,382090,1487212,50,7.3,51685,49,28.4,79.6,9.1,0.6,4.6,11.17,South,Red
894,2019,Utah,166385,41881,43155,823270,46,7.6,48372,48,8.6,90.9,0.7,1.2,2.7,10.96,West,Red
895,2019,Vermont,0,16299,16832,35843,52,7.7,45639,51,1.3,96.3,0.8,0.3,0.9,8.84,Northeast,Blue
896,2019,Virginia,10353,281144,173799,512766,50,7.8,59350,51,5.9,75,14.8,0.3,6.2,10.91,South,Blue
897,2019,Washington,172462,206107,128716,607170,50,7.7,57507,49,7.6,81.1,2.5,1.6,8.2,11.12,West,Blue
898,2019,West Virginia,31064,71036,69734,206196,54,6.9,38302,51,1,95,2.9,0.1,0.7,9.11,South,Red
899,2019,Wisconsin,102078,164711,143135,435685,52,7.3,45098,49,2.9,93.3,2.7,0.7,1.5,10.19,Midwest,Red
900,2019,Wyoming,5681,23090,24923,61291,50,7.4,46127,49,6.5,91.1,0.5,4.4,0.7,8.26,West,Red
